CODGEO,REG,DEP,ARR,CV,ZE2010,LIBGEO,P09_ACTOCC15P,P09_SAL15P,P09_NSAL15P,P09_ACTOCC15P_TP,P09_SAL15P_TP,P09_HSAL15P_TP,P09_FSAL15P_TP,P09_NSAL15P_TP,P99_ACTOCC15P,P99_HSAL15P,P99_HSAL15P_TP,P99_FSAL15P,P99_FSAL15P_TP,P09_HACTOCC15P,P09_HSAL15P,P09_HSAL15P_CDI,P09_HSAL15P_CDD,P09_HSAL15P_INTERIM,P09_HSAL15P_EMPAID,P09_HSAL15P_APPR,P09_HNSAL15P,P09_HNSAL15P_INDEP,P09_HNSAL15P_EMPLOY,P09_HNSAL15P_AIDFAM,P09_FACTOCC15P,P09_FSAL15P,P09_FSAL15P_CDI,P09_FSAL15P_CDD,P09_FSAL15P_INTERIM,P09_FSAL15P_EMPAID,P09_FSAL15P_APPR,P09_FNSAL15P,P09_FNSAL15P_INDEP,P09_FNSAL15P_EMPLOY,P09_FNSAL15P_AIDFAM,P09_HSAL1564,P09_HSAL1524,P09_HSAL2554,P09_HSAL5564,P09_HSAL1564_TP,P09_HSAL1524_TP,P09_HSAL2554_TP,P09_HSAL5564_TP,P09_FSAL1564,P09_FSAL1524,P09_FSAL2554,P09_FSAL5564,P09_FSAL1564_TP,P09_FSAL1524_TP,P09_FSAL2554_TP,P09_FSAL5564_TP,P09_ACTOCC15P_ILT1,P09_ACTOCC15P_ILT2P,P09_ACTOCC15P_ILT2,P09_ACTOCC15P_ILT3,P09_ACTOCC15P_ILT4,P09_ACTOCC15P_ILT5,P99_ACTOCC15P_ILT1,P99_ACTOCC15P_ILT2P,P99_ACTOCC15P_ILT2,P99_ACTOCC15P_ILT3,P99_ACTOCC15P_ILT4,P99_ACTOCC15P_ILT5
72001,52,72,723,7234,5213,Aigné,759,694,65,146,141,23,119,5,678,333,12,282,114,391,353,315,19,4,5,11,38,19,20,0,368,341,311,27,0,1,2,26,13,13,1,353,35,289,28,23,8,9,6,341,25,285,30,119,13,94,12,102,657,626,7,24,0,82,596,563,7,26,0
72002,52,72,722,7211,5213,Aillières-Beauvoir,104,83,21,28,25,4,21,2,102,46,1,41,16,47,35,30,4,0,0,1,12,7,5,0,57,48,41,5,2,0,0,9,3,6,0,35,4,25,5,4,0,3,1,48,4,40,4,21,1,18,2,20,84,53,0,31,0,25,77,55,0,22,0
72003,52,72,723,7240,5213,Allonnes,3799,3618,181,795,779,103,676,16,4351,2265,149,1873,724,1960,1845,1542,90,138,21,53,115,57,58,1,1839,1773,1439,210,28,57,39,66,30,36,0,1844,270,1427,146,103,20,70,13,1770,184,1397,189,676,76,511,89,1173,2626,2519,10,93,3,1338,3013,2897,29,84,3
72004,52,72,721,7215,5213,Amné,243,216,26,47,44,8,37,3,137,53,3,49,16,130,114,94,10,4,0,6,16,13,3,0,112,102,89,9,1,1,2,10,8,2,0,114,16,89,9,8,6,2,0,102,6,91,6,37,2,31,4,27,215,191,8,16,1,35,102,92,0,10,0
72005,52,72,722,7229,0051,Ancinnes,389,339,51,70,66,5,61,4,398,177,14,173,62,206,171,149,11,3,0,8,35,19,16,0,184,168,144,18,3,2,1,16,12,1,3,171,24,128,19,5,3,1,1,168,11,138,19,61,3,47,11,72,318,115,3,199,1,97,301,82,4,215,0
72006,52,72,722,7229,0051,Arçonnay,729,658,71,121,116,12,104,5,838,385,16,376,118,363,311,278,13,10,0,10,52,17,34,0,366,347,308,31,1,4,2,19,7,12,0,309,23,230,57,10,4,5,1,345,22,274,49,104,5,89,10,138,590,78,9,503,0,130,708,68,11,628,1
72007,52,72,722,7224,5213,Ardenay-sur-Mérize,208,195,13,38,38,2,36,0,160,89,11,59,25,109,98,90,6,1,0,2,11,8,3,0,98,97,82,12,0,0,3,2,2,0,0,97,4,80,14,2,1,1,0,95,7,72,15,35,1,29,5,39,169,162,1,6,0,29,131,123,0,8,0
72008,52,72,723,7236,5213,Arnage,2044,1879,165,373,357,50,308,16,2359,1178,64,1000,372,1057,954,823,57,31,4,40,104,41,62,0,987,925,784,103,8,13,17,61,26,32,4,947,113,742,92,50,20,20,10,922,59,741,123,304,12,239,54,501,1542,1499,11,31,1,610,1749,1690,17,42,0
72009,52,72,721,7217,5214,Arthezé,183,152,31,27,26,3,23,1,131,61,4,46,17,101,82,80,0,0,0,2,19,12,7,0,82,70,53,13,3,1,0,12,9,1,2,81,8,66,7,3,1,2,0,70,6,61,3,23,2,20,1,32,151,144,4,3,0,23,108,102,3,3,0
72010,52,72,721,7227,5214,Asnières-sur-Vègre,193,160,33,35,34,9,24,1,176,71,4,63,21,107,85,72,6,3,0,4,22,13,9,0,85,75,60,9,4,0,1,11,6,4,0,84,7,64,13,9,3,5,1,75,3,65,6,24,2,19,3,28,164,143,13,6,2,41,135,123,8,4,0
72011,52,72,722,7212,0051,Assé-le-Boisne,371,310,61,53,51,5,46,2,336,125,7,135,46,199,158,137,11,6,0,4,41,26,14,1,172,152,131,14,3,0,4,20,11,9,0,158,18,130,10,5,3,2,0,152,14,125,13,46,8,34,4,74,297,150,11,135,1,81,255,159,9,86,1
72012,52,72,722,7202,5213,Assé-le-Riboul,231,192,39,45,40,4,36,5,167,73,9,48,21,120,94,88,2,2,1,1,26,15,11,0,111,98,88,5,0,4,1,13,7,4,2,92,7,81,4,3,0,3,0,94,8,80,6,36,3,30,3,34,197,183,3,11,0,45,122,107,5,10,0
72013,52,72,721,7223,5212,Aubigné-Racan,774,690,85,125,119,21,98,6,733,378,17,281,88,438,379,318,26,17,2,16,59,27,31,1,337,311,241,55,8,4,3,26,13,10,3,379,49,288,41,21,7,11,3,310,25,243,41,98,8,76,13,289,485,419,13,48,5,350,383,336,12,31,4
72015,52,72,722,7211,5213,Les Aulneaux,43,34,9,5,4,2,2,1,37,15,1,12,7,27,20,15,2,2,0,1,7,6,1,0,16,14,12,1,0,0,1,2,1,0,1,20,4,16,0,2,1,1,0,14,2,9,3,2,1,1,0,13,30,16,0,14,0,10,27,18,0,9,0
72016,52,72,721,7227,5214,Auvers-le-Hamon,675,545,130,100,95,12,83,5,570,242,11,193,73,348,272,248,10,8,3,2,77,46,30,0,327,274,217,32,15,1,8,54,34,16,3,272,29,230,12,12,4,6,2,272,24,230,17,81,9,65,7,173,503,419,73,10,1,180,390,325,56,7,2
72017,52,72,721,7215,5213,Auvers-sous-Montfaucon,118,96,22,14,14,4,10,0,88,41,4,23,6,69,54,52,0,0,0,2,15,10,5,0,49,42,35,6,0,1,0,7,4,2,1,54,3,48,3,4,2,2,0,41,2,38,1,9,0,9,0,28,90,83,5,2,0,31,57,53,1,3,0
72018,52,72,722,7222,5213,Avesnes-en-Saosnois,55,47,8,12,12,0,12,0,41,21,1,15,6,30,23,22,0,1,0,0,7,3,4,0,25,24,18,1,5,0,0,1,1,0,0,23,4,16,3,0,0,0,0,24,1,22,1,12,0,11,1,6,49,44,0,5,0,7,34,33,0,1,0
72019,52,72,721,7205,5214,Avessé,183,128,55,14,11,3,8,3,144,51,5,37,13,102,69,60,4,1,0,4,33,25,8,0,81,60,47,7,4,1,1,22,15,4,3,69,11,56,2,3,2,1,0,60,10,49,1,8,1,6,1,48,135,116,16,3,0,50,94,81,9,4,0
72020,52,72,722,7210,5211,Avezé,361,324,37,48,46,7,39,2,273,134,10,102,30,199,174,163,5,3,0,3,25,9,16,0,162,150,129,16,2,1,2,12,3,9,0,174,15,148,11,7,2,5,0,150,8,133,9,39,1,35,3,34,327,203,3,121,0,39,234,137,1,96,0
72021,52,72,721,7227,5214,Avoise,259,207,52,35,33,8,25,2,224,97,6,68,33,145,110,91,14,3,1,1,35,17,18,0,114,97,76,14,6,0,1,17,8,9,0,109,17,86,6,7,1,5,1,95,10,77,8,25,3,17,5,49,210,196,6,7,1,69,155,143,3,7,2
72022,52,72,721,7217,5214,Le Bailleul,497,440,57,67,66,6,60,1,366,167,7,133,50,267,229,199,10,8,1,11,38,23,16,0,230,211,168,34,5,2,3,19,12,6,1,229,34,186,9,6,2,3,1,211,25,169,17,60,9,47,4,101,396,356,32,9,0,88,278,254,21,3,0
72023,52,72,723,7201,5213,Ballon,493,441,52,89,87,17,70,2,512,259,25,185,65,262,228,193,25,5,1,5,34,13,21,0,231,212,188,14,5,3,3,19,10,7,2,228,19,193,17,17,5,10,2,209,14,174,22,67,7,53,7,140,353,339,3,11,0,170,342,318,2,22,0
72024,52,72,723,7234,5213,La Bazoge,1689,1534,155,323,310,39,271,13,1229,601,31,486,211,902,792,704,34,20,4,30,110,33,76,1,787,742,653,69,2,11,7,45,27,16,1,789,96,649,43,39,12,20,6,741,69,619,54,271,23,223,25,252,1437,1377,8,51,0,201,1028,984,9,34,1
72025,52,72,721,7214,5212,Bazouges-sur-le-Loir,495,417,78,69,61,8,53,8,450,197,11,167,66,271,222,197,13,7,0,5,49,20,29,0,224,195,169,22,2,0,2,29,13,14,2,222,16,189,17,8,2,5,1,194,14,170,10,53,5,44,4,102,393,242,141,10,0,124,326,241,74,11,0
72026,52,72,723,7201,5213,Beaufay,567,488,79,80,75,12,63,5,416,198,10,154,52,313,256,235,10,5,0,6,57,23,33,1,254,232,209,18,2,0,3,22,13,9,0,256,25,209,22,12,1,9,2,231,14,198,19,63,3,50,10,111,456,433,1,22,0,108,308,285,2,21,0
72027,52,72,721,7206,5212,Beaumont-sur-Dême,143,109,34,28,23,6,17,5,124,48,3,44,14,75,51,43,7,0,0,1,24,13,11,1,67,58,49,8,1,0,0,10,3,7,0,51,5,41,5,6,0,4,2,58,6,44,8,17,3,12,3,27,116,58,0,57,1,40,84,42,0,42,0
72028,52,72,721,7207,5212,Beaumont-Pied-de-Boeuf,212,175,37,44,43,11,32,1,198,81,5,64,32,110,84,68,13,1,0,2,26,13,13,0,102,91,83,6,0,0,2,11,6,4,1,84,10,67,7,11,1,9,1,90,9,75,6,32,2,27,3,49,163,149,2,12,0,63,135,125,1,9,0
72029,52,72,722,7202,5213,Beaumont-sur-Sarthe,646,568,78,103,102,14,88,1,570,273,26,221,79,337,292,256,22,4,2,8,45,11,34,0,309,276,233,32,4,3,4,33,20,12,1,291,33,238,20,14,3,9,2,275,35,204,36,87,15,63,9,216,430,346,11,73,0,257,313,270,7,35,1
72031,52,72,722,7232,5213,Beillé,240,222,18,29,26,6,20,3,146,71,5,61,23,125,117,101,6,4,0,6,8,5,3,0,114,104,81,15,8,0,0,10,4,6,0,117,15,95,7,6,5,0,1,104,12,85,7,20,1,17,2,26,214,188,1,24,0,18,128,110,0,18,0
72032,52,72,722,7233,5211,Berfay,174,150,24,27,26,3,23,1,153,68,1,53,24,96,82,75,2,0,0,5,14,10,4,0,78,68,58,10,0,0,0,10,7,3,0,82,7,65,10,3,2,0,1,67,4,56,7,22,2,17,3,23,151,131,0,20,0,38,115,104,0,11,0
72033,52,72,722,7208,5213,Bernay-en-Champagne,175,143,33,33,29,5,24,4,162,71,10,54,22,103,77,63,6,2,2,5,26,12,14,0,72,66,53,9,2,2,0,7,4,2,1,77,8,64,5,5,2,3,1,66,6,55,5,24,1,21,2,44,131,122,3,6,0,63,99,93,2,4,0
72034,52,72,722,7229,0051,Bérus,196,167,29,33,32,5,27,1,169,78,6,61,24,107,88,78,3,3,0,4,19,8,9,1,89,79,73,3,2,0,1,10,7,3,0,88,11,64,12,5,4,0,1,79,6,64,8,27,3,23,1,17,179,40,1,138,0,19,150,20,3,127,0
72035,52,72,722,7228,5213,Bessé-sur-Braye,853,763,91,137,130,19,111,7,967,487,28,367,115,446,392,334,18,10,1,29,54,19,35,0,407,371,284,68,7,3,8,37,19,11,6,392,55,297,40,19,6,8,5,370,30,297,43,110,3,90,17,477,377,200,1,175,1,688,279,162,0,117,0
72036,52,72,722,7229,0051,Béthon,139,110,29,26,23,4,19,3,125,60,2,50,19,74,53,46,2,2,0,3,21,8,13,0,65,57,49,7,0,0,1,8,3,5,0,53,4,47,2,4,2,2,0,57,2,48,7,19,0,18,1,15,124,37,2,85,0,14,111,26,1,84,0
72037,52,72,722,7211,0051,Blèves,32,29,3,4,4,0,4,0,26,13,2,9,5,16,15,13,1,1,0,0,1,0,0,1,16,14,11,2,0,0,1,2,1,1,0,15,2,12,1,0,0,0,0,14,3,11,0,4,1,3,0,4,28,5,0,22,1,4,22,10,0,12,0
72038,52,72,722,7232,5211,Boëssé-le-Sec,268,247,21,41,36,6,30,5,248,133,11,93,29,146,133,116,10,3,1,3,13,4,8,1,122,114,96,11,5,1,1,8,5,2,1,132,14,106,12,6,1,3,2,113,6,100,7,30,2,25,3,40,228,211,1,16,0,62,186,173,0,13,0
72039,52,72,722,7203,5213,Bonnétable,1383,1245,138,217,203,36,167,14,1345,648,31,530,163,731,645,568,35,11,2,28,86,37,48,0,652,601,495,73,16,7,9,52,29,17,5,644,93,500,51,36,15,17,4,597,68,481,48,167,19,130,17,528,855,790,6,59,0,637,708,629,5,74,0
72040,52,72,722,7232,5211,La Bosse,58,49,9,4,4,2,2,0,47,25,3,13,4,34,27,25,0,1,0,1,6,0,6,0,24,21,19,1,1,0,0,3,0,3,0,27,4,21,2,2,0,0,2,21,2,19,0,2,0,2,0,10,48,43,0,5,0,9,38,34,0,4,0
72041,52,72,722,7232,5211,Bouër,139,114,25,17,15,1,14,2,76,31,1,27,4,74,59,51,3,3,0,3,15,9,6,0,65,55,51,5,0,0,0,10,5,6,0,59,5,52,2,1,1,0,0,55,7,46,3,14,1,12,1,25,114,100,2,12,0,17,59,53,1,5,0
72042,52,72,722,7204,5213,Bouloire,761,668,93,115,108,17,91,8,686,321,15,253,78,399,338,293,16,14,0,15,61,25,37,0,362,331,271,45,7,1,6,32,17,10,5,335,48,254,33,17,7,7,3,329,29,259,41,89,4,76,9,297,464,434,0,29,1,385,301,274,3,24,0
72043,52,72,722,7229,0051,Bourg-le-Roi,131,117,14,20,19,3,16,1,128,68,3,42,12,65,58,52,4,2,0,0,7,2,5,0,66,59,49,9,0,1,0,7,2,4,1,58,4,48,6,3,0,2,1,59,6,43,10,16,3,8,5,14,117,45,1,70,1,18,110,37,0,73,0
72044,52,72,721,7217,5212,Bousse,201,173,28,35,34,7,27,1,167,74,0,58,21,112,94,79,7,3,0,5,18,11,7,0,89,79,60,16,2,1,0,10,5,5,0,94,11,71,12,7,1,4,2,79,8,63,8,27,3,20,4,39,163,150,10,3,0,42,125,121,2,2,0
72045,52,72,721,7215,5213,Brains-sur-Gée,362,316,45,56,52,8,44,3,196,93,5,61,27,194,169,146,9,10,0,3,25,18,6,1,168,147,135,9,2,1,0,20,11,6,3,169,22,139,8,8,3,5,0,147,11,129,7,44,1,40,3,45,316,303,6,8,0,49,147,139,3,5,0
72046,52,72,722,7224,5213,Le Breil-sur-Mérize,628,577,52,92,90,12,78,2,416,216,12,155,62,345,308,273,24,7,1,2,37,20,17,0,283,269,220,33,5,7,4,14,8,6,0,306,27,258,20,12,3,8,1,268,29,224,15,78,10,61,7,103,525,498,7,20,0,94,322,307,1,14,0
72047,52,72,723,7209,5213,Brette-les-Pins,930,822,107,174,165,20,146,9,559,268,15,225,84,502,429,383,20,7,0,20,73,33,40,0,427,393,343,34,4,4,9,34,21,13,1,428,43,355,30,20,10,8,2,391,26,341,25,145,7,129,9,124,805,780,9,17,0,125,434,421,3,10,0
72048,52,72,722,7203,5213,Briosne-lès-Sables,247,223,24,32,29,7,21,3,149,75,3,59,11,136,122,111,2,0,0,9,14,3,11,0,111,101,93,5,1,0,2,10,2,7,1,121,17,102,2,6,5,1,0,100,6,93,1,20,3,17,0,19,228,214,0,14,0,20,129,117,0,12,0
72049,52,72,721,7216,5212,La Bruère-sur-Loir,102,81,21,21,17,3,14,4,89,33,2,34,12,54,38,31,4,1,0,2,16,7,9,0,48,43,36,6,0,1,0,5,4,1,0,38,4,31,3,3,0,3,0,43,3,33,7,14,1,11,2,32,70,51,0,19,0,29,60,54,0,6,0
72050,52,72,721,7205,5213,Brûlon,633,547,86,78,73,12,61,5,530,243,7,202,73,339,286,243,20,11,2,10,53,28,25,0,294,261,214,33,5,2,7,33,19,13,1,286,52,210,24,12,4,4,4,261,32,209,20,61,6,45,10,327,306,269,24,12,1,301,229,196,21,10,2
72051,52,72,721,7226,5213,Cérans-Foulletourte,1418,1281,137,235,223,26,196,12,1037,531,35,379,142,758,674,598,35,21,2,17,84,40,45,0,660,607,492,84,13,6,12,53,29,20,4,674,68,554,51,26,7,15,4,604,52,493,59,196,19,157,20,324,1095,1056,12,26,0,321,716,689,13,14,0
72052,52,72,721,7206,5212,Chahaignes,253,196,57,60,48,11,37,12,236,89,4,86,31,140,102,88,9,0,0,4,39,18,19,1,113,95,77,15,1,0,1,18,9,9,0,101,11,80,9,11,4,6,1,94,8,69,16,37,5,24,7,70,183,150,1,29,2,88,148,126,1,21,0
72053,52,72,723,7237,5213,Challes,531,466,65,73,70,9,61,3,479,218,16,197,63,276,238,212,15,3,0,9,37,17,20,0,256,228,204,16,3,3,2,28,19,9,0,238,31,188,20,9,5,3,1,227,24,179,24,61,3,49,10,81,450,417,3,29,1,132,347,324,3,20,0
72054,52,72,722,7224,5213,Champagné,1915,1815,100,222,214,30,184,8,1485,936,44,465,172,1232,1167,718,407,18,0,24,65,27,38,0,683,648,555,74,7,2,10,35,19,16,1,1167,403,700,64,30,13,14,4,647,69,523,55,183,18,151,14,841,1074,1028,8,37,1,765,720,669,5,43,3
72056,52,72,722,7229,0051,Champfleur,671,617,54,111,105,11,94,6,539,254,13,246,87,338,302,270,17,6,0,8,37,15,21,0,332,315,280,25,5,2,2,17,9,6,2,302,30,247,25,11,3,4,4,315,23,261,31,94,5,73,15,69,601,142,5,455,0,53,486,80,4,400,2
72057,52,72,722,7225,5211,Champrond,44,31,13,4,4,0,4,0,51,18,0,19,6,24,16,15,0,1,0,0,8,6,2,0,20,15,14,1,0,0,0,5,2,3,0,16,0,16,0,0,0,0,0,15,2,13,0,4,1,3,0,13,31,31,0,0,0,15,36,33,0,3,0
72058,52,72,723,7237,5213,Changé,2538,2221,317,494,460,62,398,34,2244,1042,50,938,359,1326,1095,991,49,24,3,29,231,90,140,1,1212,1125,1007,86,11,4,18,86,47,38,1,1093,101,885,107,60,26,22,12,1123,68,931,124,398,30,315,53,456,2082,1984,18,77,3,450,1794,1724,7,62,1
72059,52,72,721,7205,5213,Chantenay-Villedieu,406,328,78,66,64,9,55,2,307,123,9,96,34,219,164,139,9,5,0,11,55,30,25,0,187,164,134,23,2,2,3,23,15,6,2,164,23,125,16,9,2,3,4,162,21,129,12,54,5,42,7,109,297,276,15,6,0,111,196,184,8,4,0
72060,52,72,721,7216,5212,La Chapelle-aux-Choux,114,105,9,21,19,2,17,2,116,56,4,35,14,59,52,44,6,0,0,2,7,2,5,0,55,53,39,13,0,1,0,2,2,0,0,52,4,39,9,2,0,2,0,53,4,47,2,17,0,15,2,15,99,67,10,20,2,32,84,65,7,12,0
72061,52,72,721,7214,5214,La Chapelle-d'Aligné,734,658,76,85,82,10,72,3,515,247,14,198,66,402,357,311,24,9,1,12,45,17,28,0,332,301,233,48,12,1,7,31,18,12,1,357,52,285,20,10,4,5,1,301,36,247,18,72,11,58,3,148,586,453,121,12,0,151,364,266,85,13,0
72062,52,72,722,7210,5211,La Chapelle-du-Bois,427,385,42,68,67,9,58,1,377,184,9,145,38,228,203,178,9,9,1,6,26,14,12,0,199,183,156,16,7,1,3,16,14,2,0,202,22,159,21,9,5,2,2,183,13,159,11,58,4,49,5,75,352,283,0,69,0,75,302,244,3,55,0
72063,52,72,721,7206,5212,La Chapelle-Gaugain,97,74,23,20,16,3,13,4,101,43,5,35,10,52,38,33,2,2,0,1,14,10,4,0,45,36,35,1,0,0,0,9,5,3,1,38,4,30,4,3,0,2,1,36,1,31,4,13,1,11,1,34,63,45,1,16,1,34,67,61,0,6,0
72064,52,72,722,7228,5213,La Chapelle-Huon,256,210,46,30,25,1,24,6,270,126,5,98,32,138,112,103,2,1,0,6,27,18,8,1,118,98,86,11,0,0,1,20,14,5,1,110,10,92,8,1,0,1,0,96,4,78,15,24,1,19,4,52,204,161,2,41,0,48,222,183,3,34,2
72065,52,72,723,7234,5213,La Chapelle-Saint-Aubin,936,849,87,175,161,28,133,14,913,431,15,412,165,483,425,381,20,10,0,14,58,24,33,1,453,424,392,26,1,1,4,29,11,15,3,425,38,319,68,28,12,12,4,424,30,326,68,133,11,97,25,127,809,759,8,41,1,120,793,755,8,29,1
72066,52,72,722,7208,5213,La Chapelle-Saint-Fray,217,195,21,38,37,4,33,1,167,79,5,66,25,115,101,86,4,5,0,6,14,4,10,0,101,94,77,12,0,2,3,7,3,4,0,101,17,72,12,4,2,1,1,94,15,72,7,33,7,23,3,15,202,192,2,7,0,18,149,144,1,4,0
72067,52,72,722,7232,5213,La Chapelle-Saint-Rémy,402,358,43,63,58,4,54,5,272,130,5,95,43,211,181,160,8,3,0,10,31,21,10,0,190,178,157,13,3,1,4,13,10,0,3,181,21,140,20,4,1,1,2,177,16,144,17,54,5,42,7,62,339,314,6,20,0,77,195,179,1,15,0
72068,52,72,721,7206,5212,La Chartre-sur-le-Loir,436,354,82,109,97,25,72,13,486,196,16,183,69,233,177,132,20,9,6,10,56,26,28,3,203,178,137,33,3,3,2,26,13,12,1,176,23,135,18,24,4,15,5,177,11,138,28,71,2,57,12,236,200,153,0,45,2,303,183,140,0,43,0
72069,52,72,722,7211,0051,Chassé,88,80,8,11,11,0,11,0,64,31,4,22,11,47,43,40,0,1,0,2,4,3,1,0,41,37,34,3,0,0,0,4,3,1,0,43,3,35,5,0,0,0,0,37,2,34,1,11,1,10,0,7,81,16,2,63,0,10,54,10,0,44,0
72070,52,72,721,7215,5213,Chassillé,128,114,14,23,21,3,18,2,101,47,4,38,12,75,62,54,4,1,0,4,12,7,6,0,54,52,47,3,0,1,1,2,2,0,0,61,11,44,6,3,1,2,0,51,7,42,3,18,1,16,1,10,118,110,4,4,0,20,81,76,2,3,0
72071,52,72,721,7207,5212,Château-du-Loir,1548,1394,154,270,255,59,195,15,1883,862,51,823,236,780,682,543,79,32,14,14,99,37,62,0,768,713,567,102,11,18,15,55,27,23,6,680,92,519,69,57,9,40,8,708,82,548,78,193,29,144,20,907,642,476,8,156,1,1285,598,483,4,111,0
72072,52,72,721,7226,5213,Château-l'Hermitage,110,101,9,10,10,1,9,0,50,26,1,15,3,65,58,52,3,1,1,0,7,5,2,0,45,43,43,0,0,0,0,2,2,0,0,58,1,53,3,1,0,1,0,43,2,36,5,9,0,7,2,14,96,94,2,0,0,5,45,38,1,5,1
72073,52,72,723,7240,5213,Chaufour-Notre-Dame,585,524,61,86,81,7,74,5,397,176,5,165,47,299,259,229,17,5,0,8,40,20,20,0,286,265,234,21,3,2,5,21,13,7,1,259,27,213,19,7,6,1,0,265,24,221,20,74,9,59,6,74,511,488,6,17,0,73,324,309,4,11,0
72074,52,72,721,7215,5213,Chemiré-en-Charnie,86,70,16,19,17,3,14,2,77,32,1,22,7,48,36,31,4,1,0,1,11,7,5,0,38,33,28,4,1,0,1,5,3,0,2,36,5,26,6,3,0,1,2,32,1,26,6,13,1,11,1,13,72,67,3,3,0,22,55,47,5,3,0
72075,52,72,721,7231,5213,Chemiré-le-Gaudin,445,396,49,62,60,11,49,2,377,177,8,120,52,251,222,197,9,6,0,10,29,15,14,0,194,174,153,19,2,0,0,20,11,9,0,220,25,176,19,11,2,5,4,174,8,153,13,49,2,41,6,65,380,368,2,10,0,89,288,284,1,3,0
72076,52,72,722,7211,0051,Chenay,85,80,5,16,16,2,14,0,53,24,1,22,7,46,43,41,0,1,0,1,3,1,2,0,39,37,35,2,0,0,0,2,1,1,0,43,1,38,4,2,0,2,0,37,1,34,2,14,0,13,1,0,85,9,1,75,0,3,50,8,0,42,0
72077,52,72,721,7216,5212,Chenu,184,148,36,33,31,6,25,2,190,77,8,62,17,108,80,73,3,2,0,2,28,15,13,0,76,68,55,12,0,0,1,8,6,1,1,80,10,58,12,6,1,3,2,68,3,53,12,25,0,19,6,66,118,56,0,62,0,95,95,59,1,34,1
72078,52,72,722,7202,5213,Chérancé,157,130,27,20,19,2,17,1,152,77,10,48,13,85,68,56,7,4,0,1,17,9,7,1,72,62,41,16,1,1,3,10,8,1,1,67,14,50,3,1,1,0,0,61,9,49,3,17,2,13,2,41,116,81,4,31,0,80,72,51,2,19,0
72079,52,72,722,7229,0051,Chérisay,137,121,16,16,15,2,13,1,104,50,6,37,15,78,63,57,4,1,0,1,15,7,8,0,59,58,53,4,0,1,0,1,0,1,0,63,7,50,6,2,2,0,0,58,1,51,6,13,1,10,2,11,126,37,0,89,0,11,93,23,0,70,0
72080,52,72,722,7210,5211,Cherré,762,688,74,105,103,10,93,2,619,296,12,252,66,387,337,306,16,9,0,6,50,24,25,1,375,351,316,22,7,3,3,24,13,11,0,337,28,274,35,10,5,1,4,351,23,288,40,93,11,74,8,227,535,417,2,116,0,170,449,373,1,75,0
72081,52,72,722,7210,5211,Cherreau,379,349,30,54,52,3,49,2,348,151,6,156,50,191,173,158,6,6,0,4,17,11,6,0,189,175,154,13,5,3,1,13,9,4,0,173,11,143,19,3,1,1,1,173,11,147,15,48,6,37,6,47,332,270,0,62,0,84,264,203,0,60,1
72082,52,72,722,7229,0051,Le Chevain,295,275,20,44,44,5,39,0,333,171,12,137,56,155,140,118,10,2,1,9,15,7,8,0,140,135,116,14,4,1,0,5,4,1,0,140,16,109,15,5,2,1,2,135,10,108,17,39,5,32,1,20,275,23,2,250,0,27,306,38,5,262,1
72083,52,72,721,7205,5214,Chevillé,183,157,27,25,23,1,22,2,142,53,1,52,23,102,81,73,3,1,0,4,21,13,8,0,82,76,59,13,2,1,1,6,3,3,0,81,8,67,6,1,1,0,0,76,5,62,9,22,3,16,3,33,151,140,6,5,0,38,104,100,1,3,0
72084,52,72,721,7214,5212,Clermont-Créans,558,491,67,87,83,9,74,4,421,192,17,165,52,296,251,225,14,2,2,8,45,23,22,0,262,240,187,39,2,3,9,22,10,10,2,251,27,206,18,9,4,5,0,239,30,188,21,74,10,54,10,74,484,421,48,14,1,79,342,316,21,5,0
72085,52,72,722,7228,5213,Cogners,87,68,19,21,19,4,15,2,67,27,1,18,9,48,33,27,4,0,1,1,15,10,5,0,39,35,27,6,1,0,1,4,3,1,0,33,6,26,1,4,2,1,1,35,5,27,3,15,3,12,0,20,67,55,0,12,0,27,40,37,0,3,0
72086,52,72,722,7218,5213,Commerveil,66,55,11,11,10,1,9,1,61,22,1,23,8,32,26,24,0,1,0,1,6,6,0,0,34,29,27,1,1,0,0,5,4,1,0,26,3,19,4,1,0,0,1,28,2,23,3,8,1,5,2,13,53,46,1,5,0,15,46,43,1,2,0
72087,52,72,722,7228,5213,Conflans-sur-Anille,267,231,36,41,40,10,30,1,287,130,8,110,35,150,117,101,6,4,1,5,33,20,13,0,117,114,88,22,1,1,2,3,2,1,0,117,21,81,15,10,4,3,3,114,13,93,8,30,4,23,3,44,223,174,2,46,1,62,225,194,0,31,0
72088,52,72,722,7222,5213,Congé-sur-Orne,159,125,34,18,17,2,15,1,115,48,4,40,12,87,66,56,3,1,0,6,20,13,8,0,73,59,50,10,0,0,0,14,9,5,0,66,13,50,4,2,1,1,0,59,6,50,4,15,3,10,2,36,124,113,0,10,1,32,83,76,0,7,0
72089,52,72,722,7208,5213,Conlie,721,634,87,136,130,24,106,6,612,282,27,237,111,369,312,274,19,5,4,10,57,29,29,0,352,322,269,37,6,3,7,30,18,11,1,309,38,248,22,22,8,12,2,321,32,252,37,106,11,80,16,231,490,456,24,9,1,241,371,350,9,11,1
72090,52,72,722,7224,5213,Connerré,1148,1043,106,160,155,24,131,5,961,474,18,380,111,607,547,492,20,12,7,15,60,29,32,0,541,496,404,60,14,10,8,45,18,21,7,543,74,431,38,21,9,7,4,495,63,386,46,130,13,95,22,362,786,744,5,35,2,398,563,523,3,36,1
72091,52,72,722,7218,5213,Contilly,81,56,25,21,15,6,8,6,75,20,2,25,11,49,31,18,7,1,1,3,18,11,7,0,33,25,19,5,1,0,0,7,4,1,2,31,7,15,8,6,1,2,3,25,1,21,3,8,0,6,2,21,60,41,1,18,0,31,44,32,0,12,0
72093,52,72,722,7210,5211,Cormes,460,401,59,53,46,4,43,7,391,176,4,165,43,238,203,176,11,11,1,5,35,16,18,0,222,197,170,18,7,0,2,24,13,8,4,201,18,165,18,4,1,2,1,197,19,165,13,43,5,35,3,64,396,316,3,76,0,48,343,289,2,52,0
72094,52,72,722,7204,5213,Coudrecieux,248,192,55,51,45,6,40,6,180,81,5,59,21,134,100,87,4,4,0,5,35,21,14,0,113,93,72,19,1,1,0,20,15,5,0,99,18,73,7,6,1,3,2,92,6,77,9,39,3,31,5,63,185,169,0,15,0,71,109,93,2,14,0
72095,52,72,723,7238,5213,Coulaines,2767,2606,161,632,607,115,491,25,3165,1574,122,1448,603,1368,1262,1095,78,44,5,39,106,36,68,2,1399,1345,1101,188,10,15,30,55,37,17,0,1252,131,993,129,110,40,60,10,1344,149,1037,158,491,65,375,52,457,2310,2212,24,74,0,641,2524,2417,22,84,1
72096,52,72,721,7215,5213,Coulans-sur-Gée,723,645,78,118,109,13,96,9,492,220,13,192,67,372,324,290,25,5,0,4,48,32,16,0,351,321,280,30,0,3,8,30,23,7,1,323,24,270,29,13,5,6,3,320,27,273,20,96,6,88,3,148,575,535,21,18,1,136,356,345,4,6,1
72097,52,72,722,7202,0051,Coulombiers,193,170,23,33,33,10,23,0,142,56,10,51,19,104,88,73,5,4,2,4,16,10,6,0,89,82,70,8,1,2,1,7,5,2,0,88,11,70,7,10,4,5,1,80,9,63,8,21,3,13,5,31,162,89,3,70,0,43,99,68,3,28,0
72098,52,72,721,7223,5212,Coulongé,236,208,28,41,36,4,32,5,194,88,6,70,20,127,109,97,8,3,0,1,18,10,8,0,109,100,75,20,5,0,0,9,5,3,1,109,5,95,8,4,0,4,0,100,8,83,8,32,2,28,2,41,195,176,4,15,0,33,161,154,2,5,0
72099,52,72,723,7201,5213,Courceboeufs,277,238,39,38,35,4,31,3,175,85,6,57,22,154,128,115,6,4,1,1,27,11,14,1,123,110,94,10,2,1,3,12,5,7,0,128,19,102,7,4,1,1,2,110,14,91,5,31,3,28,0,35,242,236,2,4,0,34,141,137,1,3,0
72100,52,72,721,7217,5213,Courcelles-la-Forêt,186,141,45,24,23,1,22,1,166,58,5,55,16,99,72,62,6,3,0,1,28,16,12,0,87,69,49,16,2,1,1,18,11,6,1,72,8,61,3,1,1,0,0,69,15,50,4,22,2,18,2,36,150,143,4,3,0,57,109,102,2,5,0
72101,52,72,723,7201,5213,Courcemont,315,272,42,49,49,5,44,0,225,107,9,76,28,164,136,115,13,4,1,3,28,11,17,0,150,136,114,16,2,1,3,14,5,7,2,136,17,111,8,5,1,2,2,136,12,117,7,44,3,38,3,49,265,248,1,15,1,46,179,162,1,16,0
72102,52,72,722,7203,5213,Courcival,38,27,10,6,4,0,4,2,41,17,3,12,2,20,13,12,1,0,0,0,7,6,1,0,18,14,12,2,0,0,0,4,3,1,0,13,2,9,2,0,0,0,0,14,3,11,0,4,0,4,0,8,30,27,0,3,0,12,29,25,0,4,0
72103,52,72,721,7213,5213,Courdemanche,236,181,55,35,32,10,22,3,212,87,6,68,28,135,98,87,6,2,0,3,37,23,14,0,101,83,68,12,0,0,3,18,11,7,0,98,9,78,11,10,2,7,1,83,8,69,6,22,1,20,1,68,168,145,2,21,0,79,133,122,4,7,0
72104,52,72,722,7222,5213,Courgains,236,186,50,39,37,8,29,2,220,94,5,80,29,127,96,84,5,4,2,1,32,17,15,0,108,91,71,18,0,1,1,18,12,4,2,96,6,76,14,8,0,3,5,90,4,77,9,29,3,23,3,66,170,139,0,31,0,66,154,132,0,22,0
72105,52,72,722,7225,5211,Courgenard,214,185,29,29,26,2,24,3,200,88,3,71,24,108,87,76,8,1,0,2,21,13,9,0,105,98,84,6,4,2,2,8,5,2,1,87,8,73,7,2,0,2,0,98,9,74,15,24,2,19,3,32,182,146,0,36,0,42,158,123,1,34,0
72106,52,72,721,7227,5214,Courtillers,455,428,27,64,62,14,48,2,292,152,10,124,32,246,230,200,10,9,1,11,16,8,9,0,209,198,169,16,12,0,1,11,5,5,0,230,23,196,12,14,11,2,1,198,5,185,8,48,1,46,1,34,420,391,26,3,0,23,269,250,12,7,0
72107,52,72,721,7215,5213,Crannes-en-Champagne,174,149,25,31,31,3,28,0,119,47,3,44,20,96,78,71,6,1,0,0,17,11,6,0,78,71,59,9,0,1,2,7,6,1,0,78,5,69,4,3,1,2,0,70,7,55,8,28,2,20,6,29,145,132,9,4,0,27,92,86,1,3,2
72108,52,72,721,7214,5212,Cré,342,297,45,49,44,4,40,5,289,145,5,109,33,183,155,140,5,0,1,9,28,14,14,0,158,141,117,20,2,0,2,17,8,8,1,154,19,126,9,3,0,3,0,140,11,116,13,40,3,33,4,40,302,195,96,10,0,62,227,178,44,3,2
72109,52,72,722,7230,5213,Crissé,206,170,36,39,37,5,32,2,188,78,5,56,22,114,90,80,5,3,1,1,24,16,8,0,92,80,69,9,2,0,0,12,12,0,0,90,10,76,4,5,2,2,1,80,4,72,4,32,1,27,4,46,160,136,18,6,0,68,120,97,12,11,0
72110,52,72,721,7214,5212,Crosmières,446,376,70,55,50,6,44,5,339,141,7,129,41,243,204,177,10,11,0,5,40,20,20,0,203,173,140,24,4,4,0,30,12,17,1,203,27,160,16,6,2,3,1,173,16,145,12,44,5,36,2,96,350,312,29,9,0,95,244,221,20,3,0
72111,52,72,722,7208,5213,Cures,260,229,31,55,53,9,44,2,230,107,11,93,32,132,113,99,6,2,0,6,20,11,8,0,127,116,102,10,1,0,3,11,6,5,0,113,13,92,7,9,2,6,1,116,8,95,12,44,3,36,5,35,225,216,1,8,0,31,199,186,5,8,0
72112,52,72,722,7222,5213,Dangeul,217,184,33,41,38,12,25,3,189,77,7,79,30,111,89,70,6,4,1,7,22,15,7,0,106,96,73,17,2,1,2,10,6,4,0,88,12,70,5,11,3,6,2,96,13,74,8,25,2,21,2,38,179,154,0,25,0,51,138,122,1,15,0
72113,52,72,722,7208,5213,Degré,390,340,50,74,71,9,62,3,304,142,6,129,48,207,167,155,7,0,0,5,40,18,22,0,183,173,160,10,0,0,3,10,6,4,0,167,15,132,20,9,4,4,1,172,10,149,13,62,5,50,7,48,342,330,4,8,0,48,256,244,7,5,0
72114,52,72,722,7210,5211,Dehault,140,116,24,21,19,2,17,2,114,50,7,43,13,69,57,53,1,1,1,1,13,8,4,0,70,59,46,3,8,0,1,12,9,2,0,57,7,47,2,2,0,2,0,59,5,50,3,17,2,15,0,27,113,96,0,17,0,25,89,70,0,19,0
72115,52,72,721,7207,5212,Dissay-sous-Courcillon,398,331,68,57,52,12,40,5,359,164,14,130,37,218,173,146,9,8,0,10,44,21,23,0,180,157,127,24,1,2,3,23,15,8,0,173,20,143,10,12,6,6,0,156,14,124,18,40,4,30,6,99,299,206,1,92,1,101,258,193,1,64,0
72116,52,72,722,7222,5213,Dissé-sous-Ballon,62,54,8,14,13,3,10,1,40,14,0,16,7,34,32,26,1,0,0,5,2,1,1,0,28,22,20,2,0,0,0,6,2,4,0,31,7,19,5,3,1,2,0,22,0,20,2,10,0,8,2,9,53,49,0,4,0,11,29,28,0,1,0
72117,52,72,721,7216,5212,Dissé-sous-le-Lude,247,195,52,43,38,6,32,5,272,111,8,108,28,136,101,91,1,3,0,6,35,18,16,1,111,94,77,13,4,0,0,17,10,7,0,101,12,83,6,6,1,4,1,94,7,77,10,32,1,29,2,52,195,142,34,19,0,60,212,167,33,12,0
72118,52,72,722,7233,5213,Dollon,586,515,71,80,71,13,59,9,446,214,13,148,55,314,271,238,20,5,1,8,43,23,20,0,271,243,213,17,6,4,4,28,18,11,0,270,36,212,22,13,3,7,3,241,22,201,18,59,6,41,12,122,464,440,0,23,0,138,308,281,1,23,3
72119,52,72,722,7208,5213,Domfront-en-Champagne,471,424,47,108,106,14,92,2,422,201,12,160,67,248,213,189,12,4,2,6,34,18,16,0,223,210,178,23,2,3,4,13,10,3,0,213,20,176,17,14,9,5,0,210,23,173,14,92,10,76,5,72,398,374,8,16,0,69,353,342,2,9,0
72120,52,72,722,7202,5213,Doucelles,117,103,15,15,15,1,15,0,67,27,0,30,12,67,55,49,3,1,0,2,12,7,5,0,50,47,37,8,3,0,0,3,1,2,0,55,5,47,3,1,0,0,1,47,2,44,1,15,1,14,0,11,106,81,2,23,0,12,55,49,1,5,0
72121,52,72,722,7212,0051,Douillet,135,102,34,23,20,6,14,3,97,34,3,29,13,77,57,39,9,4,2,3,20,13,7,0,58,45,33,8,3,1,0,13,11,2,0,57,10,44,3,6,1,4,1,45,7,36,2,14,5,8,1,42,94,62,8,23,0,38,59,46,2,11,0
72122,52,72,722,7232,5213,Duneau,421,377,44,66,64,9,55,2,306,149,5,125,40,231,204,186,5,2,1,10,27,16,11,0,190,173,150,17,5,1,0,17,7,8,2,203,23,171,9,9,5,3,1,173,19,144,10,55,6,43,6,47,374,360,0,14,0,43,263,252,0,11,0
72123,52,72,721,7217,5214,Dureil,32,20,12,4,3,0,3,1,39,12,0,10,0,17,9,7,0,1,0,1,8,6,2,0,15,11,9,2,0,0,0,4,3,1,0,9,1,8,0,0,0,0,0,10,1,7,2,2,0,2,0,13,19,14,5,0,0,17,22,18,1,3,0
72124,52,72,723,7209,5213,Écommoy,1850,1658,192,350,323,37,286,27,1591,803,49,613,269,974,853,766,45,15,2,25,121,47,71,3,876,805,668,95,10,2,30,71,39,25,7,848,107,681,60,36,12,16,8,802,96,615,91,283,31,221,31,636,1214,1121,21,71,1,645,946,902,9,34,1
72125,52,72,722,7228,5213,Écorpain,156,126,30,27,26,6,20,1,132,53,2,42,10,86,62,56,0,3,0,3,24,17,7,0,70,64,53,5,2,2,2,6,5,1,0,62,8,45,9,6,2,1,3,64,8,52,4,20,1,16,3,36,120,111,0,8,1,39,93,76,1,16,0
72126,52,72,721,7215,5213,Épineu-le-Chevreuil,125,98,27,16,15,2,13,1,96,34,0,31,14,71,55,50,2,1,0,2,16,6,10,0,54,43,36,4,2,1,0,11,6,1,4,55,5,47,3,2,1,1,0,43,2,38,3,13,0,12,1,25,100,91,4,5,0,31,65,57,2,6,0
72127,52,72,721,7231,5213,Étival-lès-le-Mans,946,887,59,203,197,15,182,6,932,463,13,409,147,477,434,404,10,7,0,13,43,18,24,0,469,453,408,37,2,0,6,16,12,4,0,434,38,345,52,15,9,4,2,451,30,366,55,179,17,144,18,114,832,805,3,24,0,102,830,812,1,17,0
72128,52,72,722,7228,5213,Évaillé,161,125,36,26,23,3,20,3,125,40,4,36,15,87,63,56,1,4,0,1,25,14,10,0,74,63,50,8,2,1,1,11,7,4,0,63,7,51,4,3,0,3,0,63,2,52,8,20,0,14,5,34,127,110,0,16,1,57,68,63,0,5,0
72129,52,72,722,7224,5213,Fatines,359,328,31,58,56,4,52,2,302,147,8,132,47,190,172,161,8,0,0,2,18,4,14,0,170,156,133,18,2,1,2,13,4,7,2,172,9,154,8,4,0,3,1,156,10,130,16,52,2,46,4,37,323,309,2,12,0,35,267,257,1,9,0
72130,52,72,723,7240,5213,Fay,280,251,30,53,51,8,43,2,241,108,4,98,33,152,129,117,8,2,0,2,22,5,17,0,128,121,108,7,5,0,1,7,4,3,0,129,9,110,10,8,4,1,3,121,6,105,10,43,2,34,7,23,257,244,5,7,0,25,216,205,4,6,1
72131,52,72,721,7231,5213,Fercé-sur-Sarthe,288,266,22,37,36,3,33,1,222,123,3,85,24,155,142,124,11,3,0,4,13,3,10,0,132,123,95,23,5,0,0,9,7,1,1,142,13,125,4,3,2,1,0,122,6,110,6,32,2,28,2,28,259,250,3,5,1,24,198,192,4,2,0
72132,52,72,722,7210,5211,La Ferté-Bernard,3620,3338,282,578,552,104,448,26,3610,1823,106,1512,455,1901,1732,1455,125,83,13,57,169,64,103,2,1719,1606,1259,214,62,38,32,113,64,45,3,1723,277,1328,118,101,23,60,17,1585,237,1195,153,438,60,328,49,2147,1473,949,18,505,1,2168,1442,934,13,494,1
72133,52,72,721,7231,5213,Fillé,707,629,79,131,121,24,97,10,495,243,10,200,72,382,338,299,19,7,1,12,44,21,23,0,325,290,254,30,2,1,4,35,16,14,5,337,28,279,31,24,9,11,4,290,20,247,24,97,10,78,10,94,614,585,5,23,1,71,424,407,3,14,0
72134,52,72,721,7207,5212,Flée,241,193,48,49,45,9,36,4,200,84,7,76,26,129,96,85,6,2,0,3,33,25,8,0,112,97,80,12,1,0,4,15,9,5,1,95,5,83,7,9,3,6,0,97,13,77,7,36,3,29,4,48,193,172,0,21,0,44,156,141,0,14,1
72135,52,72,721,7226,5213,La Fontaine-Saint-Martin,252,213,39,40,37,4,33,3,190,106,11,63,23,140,115,104,8,3,0,0,25,14,12,0,112,99,83,11,2,1,2,14,5,8,1,114,3,101,10,4,0,3,1,99,6,83,10,33,2,27,4,47,205,189,10,6,0,36,154,148,2,4,0
72136,52,72,721,7205,5214,Fontenay-sur-Vègre,163,131,32,28,24,2,22,4,117,48,1,37,14,94,70,60,5,2,0,2,24,14,10,0,70,61,53,8,0,0,0,8,4,3,1,70,6,62,1,2,0,2,0,61,6,52,3,22,3,18,1,28,135,120,8,7,0,37,80,73,4,2,1
72137,52,72,722,7211,0051,La Fresnaye-sur-Chédouet,397,325,72,64,60,10,49,4,338,144,6,120,42,217,170,153,0,10,0,7,47,26,21,0,180,155,132,17,2,3,1,25,17,7,1,168,22,132,15,8,4,4,0,154,14,136,4,49,4,42,3,106,291,63,5,224,0,120,218,41,4,171,2
72138,52,72,722,7212,0051,Fresnay-sur-Sarthe,648,563,85,111,104,16,88,7,745,351,30,291,89,339,288,232,22,17,3,15,51,18,30,3,309,275,211,41,7,10,6,35,15,19,1,283,39,218,26,16,6,8,2,265,30,211,25,88,12,68,8,244,404,264,17,123,1,379,366,234,35,97,0
72139,52,72,722,7229,0051,Fyé,475,405,70,93,89,10,79,4,351,157,7,139,56,243,191,167,11,8,1,4,52,27,23,1,232,214,183,23,0,7,1,18,8,9,1,191,25,148,18,10,1,8,1,214,26,172,16,79,14,58,7,86,389,158,6,225,0,104,247,95,1,151,0
72141,52,72,722,7229,0051,Gesnes-le-Gandelin,421,378,43,80,76,8,68,4,334,158,10,139,60,216,188,170,8,3,1,6,28,11,17,0,205,190,165,19,3,1,2,15,12,2,1,188,16,156,16,8,0,5,3,190,12,168,10,68,7,57,4,47,374,121,6,247,0,48,286,77,6,203,0
72142,52,72,722,7229,0051,Grandchamp,71,57,14,10,8,1,7,2,50,20,0,14,7,40,33,28,1,1,0,3,7,5,2,0,31,24,18,3,1,1,1,7,5,2,0,33,8,23,2,1,0,1,0,24,3,20,1,7,2,4,1,15,56,34,2,20,0,19,31,20,0,11,0
72143,52,72,721,7213,5213,Le Grand-Lucé,714,621,93,117,113,17,96,4,642,282,14,235,93,371,309,260,27,10,2,10,62,34,28,0,343,312,257,41,8,2,4,31,14,14,3,307,41,242,24,17,8,4,5,310,34,254,22,95,9,79,7,267,447,427,4,15,1,367,275,259,4,11,1
72144,52,72,722,7225,5211,Gréez-sur-Roc,141,113,28,23,20,10,10,3,130,61,4,40,14,85,67,59,6,1,0,1,18,15,3,0,56,46,43,3,0,0,0,10,8,2,0,66,9,51,6,10,3,5,2,46,5,35,6,10,1,6,3,37,104,72,0,32,0,37,93,62,1,28,2
72145,52,72,722,7230,5213,Le Grez,165,141,23,26,25,5,20,1,156,79,6,56,24,92,75,69,3,1,0,2,17,12,5,0,73,67,59,5,1,0,2,6,3,2,1,75,6,59,10,5,3,1,1,67,5,54,8,20,2,14,4,25,139,108,21,10,0,22,134,115,13,6,0
72146,52,72,721,7231,5213,Guécélard,1196,1063,133,181,174,26,148,7,1185,576,23,479,167,632,547,489,27,14,0,18,85,43,41,1,564,515,462,45,4,0,5,49,26,21,1,547,47,428,73,26,14,9,4,513,30,413,70,146,6,118,22,125,1071,1018,18,35,0,149,1036,996,8,29,3
72147,52,72,723,7201,5213,La Guierche,549,494,55,102,99,9,90,3,378,185,15,150,65,281,243,221,8,7,0,7,38,21,16,0,268,250,216,19,4,6,5,17,10,7,0,243,20,198,25,9,2,6,1,250,18,196,36,90,9,70,11,57,492,460,3,28,1,58,320,305,2,12,1
72148,52,72,722,7203,5213,Jauzé,50,36,13,12,12,3,9,0,30,11,1,9,5,29,18,14,2,0,1,1,11,4,7,0,20,18,15,1,0,2,0,2,0,2,0,18,3,13,2,3,2,1,0,18,3,13,2,9,2,7,0,9,40,38,0,2,0,9,21,18,0,3,0
72149,52,72,721,7215,5213,Joué-en-Charnie,282,232,50,45,40,13,27,5,214,101,6,73,24,164,132,106,14,4,0,8,32,20,13,0,118,101,87,10,1,2,1,18,15,3,0,132,29,97,5,13,9,3,1,101,11,83,7,27,3,20,4,64,218,204,9,6,0,56,158,139,6,13,0
72150,52,72,723,7201,5213,Joué-l'Abbé,573,516,56,108,104,11,93,4,461,217,11,197,83,283,247,228,6,5,1,7,36,12,24,0,290,270,230,32,3,1,4,20,13,8,0,247,20,211,16,11,4,6,1,270,19,225,25,93,5,73,16,51,521,508,4,10,0,52,409,396,3,10,0
72151,52,72,721,7227,5214,Juigné-sur-Sarthe,584,503,81,86,79,14,65,7,556,264,14,216,70,302,251,214,16,10,3,8,51,28,23,0,282,252,199,37,9,2,5,30,20,9,1,251,26,203,22,14,5,8,1,252,26,208,18,65,9,52,4,109,475,432,33,10,0,104,452,427,20,5,0
72152,52,72,722,7202,5213,Juillé,180,156,24,27,25,2,23,2,168,80,4,66,22,96,82,73,2,3,1,3,15,6,9,0,84,75,63,10,0,0,2,9,6,3,0,82,5,68,9,2,0,2,0,74,6,61,7,23,3,15,5,29,150,130,1,20,0,19,149,128,4,17,0
72153,52,72,721,7207,5212,Jupilles,237,182,55,45,43,4,39,2,191,72,8,62,34,119,84,76,4,2,0,2,35,21,13,1,118,98,71,21,1,2,3,20,17,3,0,84,4,73,7,4,0,4,0,98,7,87,4,39,1,35,3,64,173,155,1,17,0,78,113,97,0,16,0
72154,52,72,721,7214,5212,La Flèche,5776,5265,511,987,931,166,765,56,5939,2870,154,2485,789,3018,2738,2344,179,112,37,66,280,113,164,3,2758,2528,1985,356,72,61,54,230,126,77,27,2729,368,2100,262,162,57,70,35,2514,272,1990,252,762,86,572,104,3584,2192,1609,478,100,6,4205,1734,1272,346,111,5
72155,52,72,723,7209,5213,Laigné-en-Belin,993,897,96,198,192,28,163,6,820,396,33,336,129,523,462,420,21,9,1,11,61,29,32,0,470,435,373,45,3,6,7,35,12,19,4,461,36,395,31,27,11,13,4,435,38,368,29,163,14,142,7,147,846,819,4,20,2,154,666,633,9,23,1
72156,52,72,722,7225,5211,Lamnay,419,365,54,51,48,6,42,3,320,143,8,119,29,223,189,179,4,4,0,2,34,16,18,0,196,176,151,18,4,1,2,20,9,10,1,189,12,165,12,6,0,5,1,176,14,153,9,42,3,36,3,73,346,302,2,42,0,72,248,220,1,27,0
72157,52,72,722,7208,5213,Lavardin,328,300,28,74,72,7,64,2,299,150,6,121,56,175,156,146,5,2,0,3,18,7,11,0,153,144,130,12,2,0,0,9,5,3,1,155,13,132,10,7,3,4,0,143,7,119,17,63,2,53,8,35,293,275,3,14,1,37,262,251,4,5,2
72158,52,72,722,7233,5211,Lavaré,327,293,34,41,39,5,34,2,242,110,6,89,26,174,151,135,9,4,0,4,23,11,12,0,152,141,116,19,5,1,1,11,4,7,0,151,13,130,9,5,2,3,0,141,10,124,8,34,2,31,1,44,283,257,1,23,2,50,192,171,0,21,0
72159,52,72,721,7206,5212,Lavenay,142,122,20,27,25,4,21,2,131,66,4,47,20,75,59,50,4,1,0,4,16,6,10,0,66,62,53,9,0,0,0,4,2,2,0,59,8,46,5,4,1,2,1,62,3,50,9,21,1,16,4,26,116,73,0,41,1,28,103,81,1,21,0
72160,52,72,721,7223,5212,Lavernat,276,240,36,42,35,8,27,7,165,77,9,63,21,157,131,121,8,0,0,2,26,13,13,0,119,109,85,18,2,1,3,10,6,3,1,130,19,97,14,8,2,4,2,108,11,83,14,27,3,19,5,46,230,203,2,24,1,29,136,127,2,7,0
72161,52,72,721,7206,5212,Lhomme,347,292,55,74,71,7,64,3,322,145,9,131,56,176,139,114,16,1,1,7,37,16,20,1,171,153,123,23,0,2,4,18,7,10,1,139,24,107,7,7,0,5,2,152,11,119,22,64,3,50,11,74,273,239,0,34,0,69,253,227,0,26,0
72162,52,72,722,7211,0051,Lignières-la-Carelle,206,193,13,28,28,3,24,0,153,74,5,69,21,111,104,90,6,4,1,2,7,1,6,0,94,89,81,5,1,1,1,5,3,2,0,104,13,82,10,3,1,2,0,88,6,75,6,24,3,21,0,16,190,34,1,155,0,13,140,25,3,112,0
72163,52,72,721,7217,5213,Ligron,201,167,34,27,26,1,25,1,146,77,2,41,20,115,95,85,3,4,0,3,20,11,9,0,86,72,57,10,4,0,1,14,10,4,0,95,9,81,5,1,1,0,0,72,6,64,2,25,2,22,1,36,165,150,10,4,1,33,113,107,3,2,1
72164,52,72,722,7229,0051,Livet-en-Saosnois,38,32,6,6,6,0,6,0,26,12,0,8,3,25,21,15,0,1,0,4,4,2,2,0,13,11,11,0,0,0,0,2,2,0,0,21,5,13,2,0,0,0,0,11,0,11,0,6,0,6,0,2,36,14,0,22,0,4,22,12,0,10,0
72165,52,72,722,7224,5213,Lombron,894,819,75,137,130,16,114,7,768,386,19,295,105,489,439,389,12,18,1,19,50,22,28,0,405,380,317,39,14,4,6,25,12,9,4,439,59,344,36,16,9,6,1,379,30,311,38,113,12,87,14,125,769,733,7,29,0,140,628,599,6,23,0
72166,52,72,721,7215,5213,Longnes,167,149,18,27,25,2,23,2,112,49,3,38,18,92,83,66,6,6,2,2,9,5,4,0,75,66,49,11,4,0,2,8,7,1,0,83,11,71,1,2,1,1,0,66,10,54,2,23,2,19,2,22,145,139,4,2,0,24,88,86,1,0,1
72167,52,72,721,7227,5214,Louailles,374,335,39,42,38,3,35,4,222,112,2,94,24,208,183,162,5,9,0,7,25,12,13,0,166,152,126,19,5,1,1,13,9,3,1,182,18,155,8,3,1,2,0,152,15,129,8,35,4,27,3,45,329,296,28,5,0,36,186,176,10,0,0
72168,52,72,721,7215,5213,Loué,814,727,86,137,129,23,106,8,737,361,20,271,106,441,383,329,23,8,0,22,58,26,32,0,373,345,281,41,8,4,10,28,9,18,1,382,69,286,28,23,8,13,2,344,47,275,22,106,13,81,12,400,414,387,21,6,0,447,290,265,9,15,1
72169,52,72,721,7231,5213,Louplande,730,667,63,121,116,8,108,5,536,262,11,211,79,385,343,311,10,11,0,11,42,20,22,0,345,324,286,29,4,0,5,21,12,8,1,342,32,285,25,8,1,6,1,324,12,288,24,108,4,99,5,100,630,608,9,13,0,83,453,438,1,14,0
72170,52,72,722,7218,0051,Louvigny,74,51,23,15,13,0,13,2,58,21,0,21,5,38,23,21,2,0,0,0,15,8,7,0,36,29,23,3,1,2,0,7,4,3,0,23,3,17,2,0,0,0,0,29,3,23,3,13,1,11,1,22,52,26,1,26,0,19,39,22,0,17,0
72171,52,72,722,7211,0051,Louzes,42,35,7,7,5,1,4,2,35,17,2,10,4,25,21,20,0,0,0,1,4,4,0,0,17,14,14,0,0,0,0,3,2,1,0,21,2,15,4,1,0,1,0,14,0,13,1,4,0,3,1,6,36,14,0,22,0,11,24,14,0,10,0
72172,52,72,722,7232,5211,Le Luart,531,478,53,85,82,15,67,3,383,188,7,133,49,283,249,223,9,9,0,7,34,16,17,1,247,228,188,27,7,1,4,19,8,11,0,248,29,206,13,14,6,6,1,228,28,176,24,67,9,47,11,142,389,358,2,28,0,131,252,231,2,19,0
72173,52,72,721,7207,5212,Luceau,504,430,73,83,82,18,65,1,400,193,14,153,46,264,213,191,13,0,1,8,51,23,27,1,240,217,187,27,1,0,2,23,12,11,0,213,20,170,23,18,10,5,3,217,11,177,28,64,5,50,9,120,384,317,5,61,1,111,289,263,1,24,1
72174,52,72,722,7222,5213,Lucé-sous-Ballon,47,33,14,4,4,1,3,0,38,15,1,11,4,29,18,15,1,2,0,0,11,3,7,0,18,15,13,0,0,2,0,3,1,2,0,18,1,17,0,1,0,1,0,15,3,12,0,3,2,1,0,11,36,36,0,0,0,12,26,26,0,0,0
72175,52,72,721,7216,5212,Luché-Pringé,599,491,108,92,80,12,67,12,562,244,13,195,58,339,276,240,16,5,2,13,63,40,23,0,260,215,170,33,5,4,3,44,26,13,5,275,35,218,21,12,7,2,3,215,11,180,24,67,4,53,10,226,374,337,23,12,1,248,314,290,11,13,0
72176,52,72,721,7216,5212,Le Lude,1451,1240,210,264,252,48,204,12,1667,748,53,665,186,760,629,523,50,35,4,18,131,55,74,2,691,611,468,108,15,7,14,79,48,25,7,626,62,511,53,48,13,24,11,609,68,480,61,203,27,154,22,812,639,463,98,77,1,1192,475,359,61,55,0
72177,52,72,721,7205,5213,Maigné,159,137,22,22,20,4,16,2,146,65,2,55,14,84,66,62,0,2,1,1,18,15,3,0,74,70,62,7,1,0,0,4,4,0,0,65,5,57,4,3,0,3,0,69,3,57,10,16,1,13,2,33,126,118,0,8,0,34,112,106,3,3,0
72178,52,72,722,7204,5213,Maisoncelles,87,58,29,9,9,2,7,0,86,37,2,26,8,51,31,25,5,1,0,0,20,10,10,0,36,27,20,4,2,0,1,9,4,3,2,31,5,26,0,2,0,2,0,27,5,21,1,7,1,5,1,24,63,58,1,4,0,23,63,54,0,9,0
72179,52,72,721,7217,5213,Malicorne-sur-Sarthe,743,648,95,100,88,12,76,12,628,289,16,246,80,398,343,299,23,10,0,11,55,26,29,0,345,305,241,39,16,2,7,40,25,11,4,342,39,281,22,12,3,6,3,303,34,247,22,74,10,58,6,187,556,520,17,18,1,253,375,348,9,16,2
72180,52,72,722,7218,5213,Mamers,1855,1683,172,325,312,63,249,13,2191,1113,76,868,269,1004,887,726,89,37,4,30,117,46,70,2,851,796,633,111,16,10,25,55,27,23,4,885,128,654,102,61,19,26,15,793,96,595,102,247,33,180,33,1153,702,370,4,327,1,1372,819,482,15,322,0
72181,52,72,723,7299,5213,Le Mans,56349,52094,4256,10527,10027,2104,7923,499,56607,27206,1771,25299,8234,28564,25958,21325,2514,993,257,870,2605,1118,1468,19,27786,26135,21136,3656,428,317,598,1650,885,707,58,25860,3917,19563,2380,2051,826,1064,160,25834,3447,19348,3040,7837,1411,5564,862,41602,14748,11578,624,2524,21,43819,12788,10274,525,1932,57
72182,52,72,721,7226,5213,Mansigné,627,516,112,90,85,14,71,5,445,195,11,145,57,358,292,247,18,12,4,9,67,24,42,1,269,224,177,29,2,7,9,45,30,13,2,290,47,231,11,14,7,5,2,223,26,184,13,71,14,52,4,195,432,405,15,11,1,198,247,224,6,17,0
72183,52,72,721,7206,5212,Marçon,379,307,72,56,56,17,39,0,336,139,18,120,49,216,168,146,9,7,1,4,48,24,21,2,164,139,119,12,2,2,4,24,16,7,1,167,19,132,15,17,3,12,2,139,5,121,13,39,2,32,5,104,276,211,2,63,0,116,220,184,0,36,0
72184,52,72,721,7205,5213,Mareil-en-Champagne,154,136,18,24,23,1,22,1,128,61,3,47,13,83,73,68,3,2,0,0,11,4,7,0,71,64,55,6,0,2,1,7,3,4,0,73,10,56,7,1,1,0,0,64,9,50,5,22,5,15,2,19,135,121,6,8,0,16,112,110,1,1,0
72185,52,72,721,7214,5212,Mareil-sur-Loir,270,236,33,42,38,7,31,4,198,90,4,74,17,144,125,112,5,6,0,2,19,10,9,1,126,112,89,17,3,0,4,14,9,4,1,125,11,100,14,7,1,5,1,111,8,89,15,31,1,26,4,43,227,210,10,6,1,33,165,157,2,6,0
72186,52,72,722,7202,5213,Maresché,404,368,36,58,56,7,49,2,275,127,11,99,33,223,197,176,4,9,2,6,26,13,13,0,181,171,143,18,3,5,2,10,8,2,0,197,27,153,17,7,2,4,1,171,10,147,14,49,3,36,10,58,346,311,1,33,0,54,221,203,3,15,0
72187,52,72,723,7209,5213,Marigné-Laillé,669,597,72,117,115,19,96,2,565,262,15,216,77,371,320,285,16,10,1,8,51,24,28,0,298,277,230,28,9,3,8,21,18,2,1,318,29,264,25,18,2,13,3,276,31,219,27,96,11,77,8,119,550,523,7,19,1,139,426,402,6,14,4
72188,52,72,722,7218,5213,Marollette,67,61,6,8,7,2,5,1,58,28,3,18,8,39,33,30,3,0,0,0,6,3,2,1,28,28,26,2,0,0,0,0,0,0,0,33,4,23,6,2,0,0,2,28,2,22,4,5,0,2,3,9,58,45,0,13,0,10,48,41,0,7,0
72189,52,72,722,7222,5213,Marolles-les-Braults,754,654,99,146,136,24,111,10,704,325,18,261,77,395,324,268,29,6,3,18,71,33,38,0,358,330,271,41,6,4,8,28,11,14,3,316,50,240,26,23,9,13,1,326,31,273,22,107,11,83,13,441,313,280,2,31,0,456,248,214,1,32,1
72190,52,72,722,7228,5213,Marolles-lès-Saint-Calais,143,121,22,10,10,0,10,0,132,59,3,53,14,75,55,48,4,2,0,1,19,9,10,0,68,65,59,5,0,0,1,3,1,2,0,55,5,44,6,0,0,0,0,65,4,54,7,10,0,10,0,25,118,77,0,41,0,38,94,77,0,17,0
72191,52,72,721,7223,5213,Mayet,1163,997,166,230,212,32,181,18,966,446,28,350,121,610,501,430,33,17,2,19,110,65,44,1,553,497,401,67,14,5,10,56,41,13,2,500,56,410,34,31,13,14,4,490,41,404,45,178,16,145,17,400,763,711,8,44,0,455,511,480,5,25,1
72192,52,72,722,7218,0051,Les Mées,45,33,11,6,4,2,2,2,38,12,0,7,2,24,17,13,2,0,0,2,7,6,1,0,21,16,12,3,0,0,1,5,4,1,0,17,3,12,2,2,1,0,1,16,4,11,1,2,0,2,0,14,30,16,0,14,0,17,21,17,0,4,0
72193,52,72,722,7225,5211,Melleray,190,138,52,34,33,5,28,1,162,63,6,54,18,100,66,54,5,4,2,1,34,21,13,0,89,72,60,9,2,0,1,17,15,1,1,65,10,51,4,4,2,0,2,71,9,59,3,27,5,19,3,59,131,93,0,38,0,63,99,74,0,23,2
72194,52,72,722,7222,5213,Meurcé,142,118,24,23,20,3,16,3,95,41,3,27,10,85,69,50,10,6,0,2,16,9,7,0,57,49,40,7,1,0,1,8,3,5,0,69,8,58,2,3,0,3,0,49,7,37,5,16,1,14,1,24,118,114,1,2,0,32,63,61,0,2,0
72195,52,72,721,7217,5213,Mézeray,763,668,96,147,136,31,104,12,580,297,19,203,60,409,351,308,13,12,2,17,58,31,24,2,354,316,260,40,5,4,8,38,20,16,3,347,33,295,20,27,12,14,2,312,20,258,34,101,11,79,12,139,625,594,10,20,0,125,455,439,6,10,0
72196,52,72,722,7222,5213,Mézières-sur-Ponthouin,297,262,35,47,42,3,39,5,211,114,7,72,20,167,146,132,8,2,0,4,21,14,7,0,130,116,93,18,1,2,2,14,7,6,1,146,16,121,9,3,0,3,0,115,12,95,8,38,5,31,2,61,236,227,0,8,1,70,141,130,0,11,0
72197,52,72,722,7208,5213,Mézières-sous-Lavardin,300,267,33,51,46,8,38,5,151,74,5,46,19,170,149,135,9,3,0,2,21,8,13,0,130,118,99,15,1,1,1,12,5,5,1,149,11,130,9,8,0,4,3,117,9,104,4,37,1,35,1,28,272,253,8,11,0,23,128,119,3,6,0
72198,52,72,723,7234,5213,La Milesse,1134,1009,126,212,198,27,171,13,1065,523,19,438,180,594,511,457,30,5,0,19,82,25,54,3,541,497,453,34,2,4,4,44,24,19,0,508,53,397,59,26,8,14,4,494,39,414,40,169,20,133,16,192,943,872,17,54,0,176,889,858,5,24,2
72199,52,72,722,7212,0051,Moitron-sur-Sarthe,92,77,15,17,16,5,11,1,61,26,1,21,4,50,41,36,2,2,1,0,8,5,3,0,42,36,29,7,0,0,0,6,5,0,1,41,1,38,2,5,0,4,1,36,2,33,1,11,0,11,0,8,83,64,3,16,0,7,54,43,3,8,0
72200,52,72,723,7209,5213,Moncé-en-Belin,1560,1420,140,287,272,22,250,15,1104,540,25,464,162,808,709,656,23,13,1,17,99,53,45,0,752,710,633,54,7,7,10,41,21,15,6,707,77,571,59,20,7,12,1,708,56,591,61,248,18,200,31,228,1332,1296,6,31,0,195,909,878,8,22,1
72201,52,72,722,7222,5213,Moncé-en-Saosnois,129,116,13,27,27,6,21,0,86,43,2,23,8,75,67,58,5,1,1,2,8,3,5,0,54,49,40,5,2,2,0,5,4,1,0,66,4,57,5,6,2,2,2,49,3,41,5,21,0,17,4,20,109,91,1,17,0,22,64,59,1,4,0
72202,52,72,722,7222,5213,Monhoudou,98,79,19,18,17,3,14,1,73,31,1,25,13,55,39,33,1,2,1,1,16,6,10,0,44,41,32,4,3,0,1,3,2,1,0,39,4,32,2,3,1,2,0,41,4,35,2,14,4,9,1,15,83,75,0,8,0,11,62,54,0,8,0
72203,52,72,721,7207,5212,Montabon,284,247,37,48,45,7,38,4,264,121,8,106,24,153,130,118,4,5,0,3,24,13,11,0,131,118,103,9,0,3,3,13,9,4,0,130,15,106,9,7,3,2,2,118,8,98,12,38,6,26,6,41,243,210,3,30,1,39,225,198,1,25,1
72204,52,72,722,7228,5213,Montaillé,239,176,63,29,25,5,20,4,228,88,3,75,19,132,88,80,3,4,0,1,44,30,14,0,107,88,77,10,1,0,0,20,11,7,2,88,11,68,9,5,2,2,1,85,2,78,5,20,0,20,1,61,178,156,0,21,0,89,139,122,0,17,0
72205,52,72,723,7201,5213,Montbizot,781,704,77,138,132,14,118,6,473,230,11,192,82,412,361,324,17,5,2,12,51,13,38,0,369,343,290,40,4,7,2,26,11,13,1,359,35,300,24,14,3,8,3,341,30,288,24,118,6,103,9,118,663,633,1,30,0,92,381,368,1,12,0
72207,52,72,722,7211,0051,Montigny,28,20,8,6,5,3,2,1,29,10,1,11,6,16,11,9,0,1,0,2,5,4,1,0,11,9,8,0,1,0,0,3,3,0,0,11,3,6,3,3,2,1,0,9,0,8,1,2,0,2,0,7,21,6,0,15,0,7,22,2,0,20,0
72208,52,72,722,7225,5211,Montmirail,151,113,37,26,22,5,17,4,145,52,7,48,22,84,58,46,7,0,0,5,26,7,19,0,67,55,49,4,0,2,0,12,5,6,1,57,11,44,2,5,3,1,1,54,5,43,6,17,1,14,2,62,89,66,1,21,1,71,74,48,0,26,0
72209,52,72,722,7212,0051,Montreuil-le-Chétif,136,106,30,26,26,7,19,0,103,47,4,28,14,83,64,52,3,0,2,7,19,13,6,0,53,42,33,6,1,1,1,11,7,4,0,63,15,40,8,6,4,2,0,42,2,37,3,19,1,16,2,35,102,79,6,16,0,20,83,64,7,12,0
72210,52,72,721,7213,5213,Montreuil-le-Henri,117,93,24,24,22,6,16,2,82,36,6,17,4,65,51,40,6,0,0,5,14,8,6,0,52,42,28,13,0,0,1,10,7,3,0,49,5,38,6,4,1,2,1,42,4,33,5,16,1,11,4,19,98,91,0,6,1,30,52,48,0,4,0
72211,52,72,722,7230,5213,Mont-Saint-Jean,254,178,76,43,43,10,33,0,237,78,7,57,25,138,89,76,7,1,0,6,48,39,10,0,116,89,67,13,1,3,6,27,21,6,0,89,14,74,2,10,2,7,1,89,13,70,7,33,7,24,2,82,172,116,24,29,2,95,142,99,24,17,2
72212,52,72,722,7229,0051,Moulins-le-Carbonnel,331,276,55,61,55,8,47,6,279,118,11,96,35,184,149,132,4,4,1,7,35,24,10,1,147,127,106,18,1,1,1,19,14,5,0,147,16,118,12,8,2,5,1,127,10,101,16,47,6,34,6,62,269,64,12,193,0,78,201,40,20,139,2
72213,52,72,723,7209,5213,Mulsanne,1905,1796,109,388,386,42,344,2,2310,1236,61,943,369,983,911,801,39,27,2,42,72,23,49,0,922,885,782,76,7,6,14,37,18,16,3,911,109,698,104,42,23,18,1,882,63,704,115,344,26,281,37,334,1571,1504,19,48,0,383,1927,1855,6,62,4
72214,52,72,722,7222,5213,Nauvay,7,4,3,1,1,1,0,0,5,0,0,0,0,4,3,3,0,0,0,0,1,0,1,0,3,1,1,0,0,0,0,1,0,1,0,3,1,1,0,1,0,1,0,1,0,1,0,0,0,0,0,3,4,4,0,0,0,5,0,0,0,0,0
72215,52,72,722,7211,0051,Neufchâtel-en-Saosnois,410,369,41,64,61,12,49,3,281,126,8,115,47,220,192,161,13,6,0,11,29,8,20,0,189,177,151,19,3,3,1,12,6,3,3,192,33,138,21,12,2,6,4,175,19,144,12,47,4,40,3,93,317,153,3,161,0,71,210,106,2,101,1
72216,52,72,722,7208,5213,Neuvillalais,273,235,38,61,59,6,53,2,177,81,5,57,26,149,126,110,8,5,1,1,23,14,9,0,124,109,98,6,1,3,1,14,8,6,0,125,11,107,6,6,3,3,0,109,7,95,7,53,4,44,5,49,224,209,7,7,0,48,129,117,5,7,0
72217,52,72,723,7238,5213,Neuville-sur-Sarthe,1082,948,134,207,196,26,170,11,1063,494,16,452,175,560,467,417,18,13,2,17,93,33,60,0,522,481,434,38,1,5,3,41,16,21,4,467,46,364,57,26,10,9,7,480,21,390,69,169,10,128,31,142,940,891,6,43,0,136,927,891,9,27,0
72218,52,72,722,7230,5213,Neuvillette-en-Charnie,123,104,20,22,18,2,16,3,83,29,1,26,9,68,54,44,7,1,0,2,13,11,2,0,55,49,43,4,2,0,0,6,5,1,0,54,4,45,5,2,0,2,0,48,2,43,3,15,1,13,1,16,107,87,15,4,0,26,57,42,11,4,0
72219,52,72,722,7208,5213,Neuvy-en-Champagne,182,142,40,41,37,11,26,4,137,52,3,44,21,98,75,64,8,1,0,2,24,15,8,1,84,68,54,13,0,1,0,16,11,5,0,73,4,62,7,9,0,8,1,67,5,54,8,26,2,21,3,44,138,136,1,1,0,48,89,81,3,5,0
72220,52,72,722,7203,5211,Nogent-le-Bernard,376,327,49,39,37,7,30,2,313,144,5,113,36,212,179,162,8,4,1,4,33,24,9,0,165,149,120,14,10,0,4,16,9,3,4,179,17,148,14,7,2,2,3,149,16,117,15,30,3,21,6,88,288,234,0,54,0,100,213,177,0,36,0
72221,52,72,721,7207,5212,Nogent-sur-Loir,163,133,30,25,24,2,22,1,146,62,4,51,25,92,73,60,8,1,0,4,19,16,3,0,71,60,53,6,0,1,0,11,7,4,0,73,8,60,5,2,1,0,1,59,3,50,6,21,2,17,2,32,131,106,1,24,0,27,119,99,0,20,0
72222,52,72,722,7222,5213,Nouans,109,91,18,25,22,7,15,3,97,42,4,36,14,54,45,39,3,0,0,3,10,4,5,1,55,46,39,6,0,0,2,9,6,3,0,45,5,37,3,7,2,3,2,46,5,37,5,15,2,10,4,23,86,76,2,9,0,29,68,60,3,5,0
72223,52,72,721,7217,5213,Noyen-sur-Sarthe,1034,911,123,137,130,20,109,7,889,423,29,338,111,563,476,402,32,23,2,17,87,36,49,2,470,435,356,50,13,8,7,36,21,11,3,473,63,383,27,18,7,9,2,434,36,360,38,108,12,84,12,344,690,648,20,20,1,365,524,490,14,20,0
72224,52,72,722,7224,5213,Nuillé-le-Jalais,221,205,16,36,35,5,30,1,142,80,2,49,17,121,110,102,2,0,2,4,11,8,4,0,100,95,83,10,0,1,1,5,3,1,1,109,6,96,7,4,0,4,0,95,10,75,10,30,5,24,2,24,197,190,3,5,0,21,121,110,0,10,1
72225,52,72,722,7229,0051,Oisseau-le-Petit,299,267,32,54,53,10,43,1,309,147,6,121,44,157,132,118,6,2,3,3,25,13,12,0,142,135,113,17,2,1,2,7,3,4,0,132,14,105,13,10,2,6,2,134,14,104,16,43,5,33,5,46,253,81,7,165,0,80,229,55,6,168,0
72226,52,72,721,7226,5213,Oizé,482,443,38,71,68,6,62,3,296,142,13,107,45,249,224,203,4,8,2,7,25,13,12,0,232,219,177,29,4,3,6,13,10,4,0,224,17,196,12,6,1,4,1,219,17,193,9,62,4,55,3,58,423,408,3,13,0,56,240,237,1,2,0
72227,52,72,722,7218,5213,Panon,17,15,2,3,3,0,3,0,7,3,0,3,0,10,8,7,0,1,0,0,2,1,1,0,7,7,7,0,0,0,0,0,0,0,0,8,0,8,0,0,0,0,0,7,1,6,0,3,0,3,0,1,16,9,0,7,0,0,7,3,0,4,0
72228,52,72,721,7227,5214,Parcé-sur-Sarthe,918,810,108,150,138,11,126,12,732,329,9,293,70,469,398,349,17,17,0,14,71,27,44,0,449,412,340,51,13,1,6,37,18,17,1,398,36,336,27,11,1,4,6,397,34,331,32,126,12,97,16,178,739,686,39,14,0,184,548,513,21,11,3
72229,52,72,722,7230,5213,Parennes,201,170,31,40,37,5,32,3,142,68,7,37,18,118,95,80,5,5,1,4,23,16,7,0,83,75,62,11,1,0,1,8,4,1,3,95,11,79,5,5,2,2,1,75,7,63,5,32,3,27,2,46,155,119,26,9,1,44,98,70,15,12,1
72230,52,72,721,7231,5213,Parigné-le-Pôlin,483,425,58,84,80,10,70,4,386,183,10,160,57,263,224,190,16,8,1,8,39,18,18,2,220,201,170,19,7,2,2,19,9,7,3,224,26,179,19,10,5,4,1,201,16,163,21,70,7,55,7,61,422,408,2,11,0,70,316,294,11,11,0
72231,52,72,723,7237,5213,Parigné-l'Évêque,2064,1844,219,394,370,47,323,23,1954,924,36,810,288,1068,929,833,33,22,3,37,139,52,87,1,995,916,768,100,18,8,21,80,35,40,4,927,117,738,71,47,15,25,7,900,84,729,87,319,25,251,43,526,1537,1460,20,55,2,512,1442,1380,7,55,0
72232,52,72,721,7227,5214,Notre-Dame-du-Pé,267,251,16,41,38,5,33,3,144,75,2,50,19,147,137,124,4,5,1,4,9,5,5,0,120,113,97,10,4,1,1,7,5,2,0,137,9,117,10,5,2,3,0,113,9,100,4,33,3,28,2,26,241,161,77,4,0,22,122,87,27,8,0
72233,52,72,722,7222,5213,Peray,22,18,4,3,2,1,1,1,19,6,1,8,3,13,9,7,2,0,0,0,4,4,0,0,9,9,8,2,0,0,0,0,0,0,0,9,0,7,2,1,0,1,0,9,0,8,1,1,0,1,0,5,17,17,0,0,0,5,14,12,0,2,0
72234,52,72,722,7230,5213,Pezé-le-Robert,170,142,28,34,32,6,26,2,123,64,4,35,17,96,73,62,3,2,2,4,23,16,7,0,73,68,56,11,0,1,1,5,3,0,2,73,5,61,8,6,2,3,1,68,3,57,9,26,3,20,3,29,141,123,10,8,0,21,102,91,7,4,0
72235,52,72,722,7202,5213,Piacé,174,144,30,20,19,1,18,1,144,66,2,43,19,102,81,70,4,3,1,3,21,11,10,0,72,63,53,5,1,2,2,9,6,3,0,81,12,60,9,1,0,0,1,63,8,51,4,18,0,16,2,40,134,104,3,27,0,46,98,78,1,19,0
72236,52,72,721,7227,5214,Pincé,101,87,14,13,13,3,10,0,85,42,0,37,11,53,44,38,2,3,0,1,9,4,5,0,48,43,38,4,0,0,1,5,1,4,0,43,5,34,4,2,0,2,0,43,2,37,4,10,1,7,2,11,90,81,8,1,0,7,78,67,7,4,0
72237,52,72,721,7205,5213,Pirmil,226,199,27,26,25,3,22,1,156,67,0,52,17,126,107,94,6,3,0,3,19,8,11,0,101,92,76,13,3,0,0,8,3,3,2,107,12,89,5,3,1,1,1,92,9,75,8,22,4,18,0,30,196,188,5,3,0,36,120,115,2,3,0
72238,52,72,722,7218,5213,Pizieux,48,37,12,10,9,2,7,1,46,21,1,13,5,28,18,15,1,1,0,1,10,5,5,0,20,18,16,1,0,0,1,2,2,0,0,18,5,13,1,2,0,1,1,18,0,16,2,7,0,6,1,10,39,24,1,14,0,10,36,27,1,8,0
72239,52,72,721,7205,5214,Poillé-sur-Vègre,307,253,54,47,41,3,38,6,226,97,1,77,32,159,123,112,3,4,0,4,36,14,22,0,148,130,112,15,1,0,2,18,11,6,1,123,10,103,10,3,1,1,1,129,10,105,14,37,5,26,6,66,241,219,17,5,0,50,176,165,10,1,0
72240,52,72,721,7206,5212,Poncé-sur-le-Loir,146,118,28,29,23,7,16,6,129,56,5,37,17,68,53,47,3,1,0,2,15,12,3,0,78,65,52,8,0,3,2,13,8,3,2,53,7,37,8,7,2,2,3,65,11,49,5,16,4,11,1,33,112,81,1,30,0,59,70,55,0,15,0
72241,52,72,722,7224,5213,Montfort-le-Gesnois,1407,1306,102,212,203,22,180,9,1190,624,27,453,159,758,688,613,39,21,0,15,70,20,50,0,649,618,524,54,15,9,16,31,18,11,2,687,80,553,53,22,6,11,5,615,64,505,45,178,22,135,21,284,1123,1075,5,41,1,259,931,878,12,40,1
72243,52,72,721,7226,5213,Pontvallain,612,552,60,120,113,19,95,7,474,231,13,183,59,327,285,253,18,6,0,9,41,17,22,2,285,267,214,36,11,0,6,19,11,7,1,285,24,241,20,19,5,11,3,266,22,222,22,95,13,73,8,155,457,430,4,22,1,142,332,318,0,14,0
72244,52,72,721,7227,5214,Précigné,1404,1239,165,172,163,21,143,9,1093,537,30,420,127,755,650,584,25,18,0,23,105,49,56,0,649,589,501,62,16,4,5,60,39,19,1,647,92,519,36,20,8,9,3,589,59,488,43,143,13,112,18,442,962,767,176,20,0,373,720,571,136,12,1
72245,52,72,722,7210,5211,Préval,311,286,25,40,40,6,34,0,297,145,5,119,30,170,150,135,11,4,0,0,19,8,11,0,141,135,117,10,5,1,2,6,2,4,0,149,16,116,17,6,3,3,0,135,9,116,10,34,5,27,2,27,284,209,0,75,0,34,263,199,0,64,0
72246,52,72,722,7232,5211,Prévelles,100,84,16,23,23,4,20,0,53,31,3,13,2,54,43,39,3,0,0,1,11,9,1,1,46,41,31,9,1,0,0,5,4,1,0,43,3,36,5,4,1,2,1,41,2,37,2,20,0,19,1,12,88,85,0,3,0,13,40,37,1,2,0
72247,52,72,723,7240,5213,Pruillé-le-Chétif,604,546,58,108,103,8,95,5,576,284,17,245,92,311,271,249,8,1,0,12,40,22,18,0,294,276,250,12,2,3,8,18,9,8,1,270,24,212,33,8,3,4,1,274,17,226,30,95,7,78,9,57,547,528,3,16,0,69,507,493,4,10,0
72248,52,72,721,7213,5213,Pruillé-l'Éguillé,321,281,40,66,64,8,56,2,202,87,5,69,31,169,138,123,5,6,0,4,31,15,15,0,152,143,113,25,3,0,2,9,4,5,0,138,12,114,12,8,1,6,1,142,10,120,11,55,5,46,3,53,269,246,1,22,0,53,149,140,0,9,0
72249,52,72,722,7208,5213,La Quinte,421,366,55,67,62,4,58,5,300,141,11,119,50,225,189,171,7,6,0,5,35,19,15,1,196,176,154,19,1,0,2,20,12,7,1,189,17,162,10,4,0,3,1,176,16,154,6,58,4,52,2,48,373,356,10,7,0,55,245,239,2,4,0
72250,52,72,722,7228,5213,Rahay,105,78,27,16,14,3,11,2,91,34,0,27,10,55,41,38,3,0,0,0,15,10,5,0,49,37,33,1,3,0,0,13,9,2,2,41,3,36,2,3,0,2,1,37,5,29,3,11,0,10,1,27,78,55,0,22,0,38,53,32,2,19,0
72251,52,72,722,7222,5213,René,157,110,47,22,18,2,16,4,143,53,4,47,19,89,61,56,2,3,0,0,28,16,11,0,68,49,39,6,4,0,0,19,12,7,0,60,6,50,4,1,0,1,0,48,5,36,7,15,1,12,2,39,119,96,2,20,0,45,98,75,2,21,0
72252,52,72,721,7226,5213,Requeil,488,438,50,92,89,9,80,3,397,207,19,132,64,265,232,201,8,15,0,8,33,20,13,0,223,206,164,26,7,1,8,17,12,4,1,232,29,180,23,9,5,3,1,205,20,163,22,80,4,69,7,75,413,402,3,8,0,71,326,308,7,11,0
72253,52,72,721,7231,5213,Roézé-sur-Sarthe,1147,1031,116,192,181,15,166,11,984,497,26,396,124,612,536,477,26,9,0,24,76,25,50,1,535,495,431,48,6,4,6,40,19,17,4,536,61,442,33,15,4,11,0,495,28,430,37,166,13,139,14,252,895,863,10,21,1,247,737,710,6,19,2
72254,52,72,722,7229,0051,Rouessé-Fontaine,115,101,14,25,25,5,20,1,90,33,3,34,13,59,50,42,6,1,0,1,9,4,6,0,56,51,45,4,1,1,0,5,1,4,0,50,8,38,4,5,3,2,0,51,6,40,6,20,3,15,2,16,99,46,3,50,0,27,63,26,1,36,0
72255,52,72,722,7230,5213,Rouessé-Vassé,329,273,56,43,40,9,31,3,284,129,5,94,37,184,150,131,13,2,0,4,34,27,7,0,145,123,112,9,1,0,1,22,15,7,0,149,14,122,13,9,1,3,5,123,6,107,10,31,2,26,3,76,253,168,81,4,0,78,206,155,47,4,0
72256,52,72,722,7230,5213,Rouez,345,279,66,75,69,14,54,6,274,132,13,86,39,192,149,130,11,2,0,6,42,24,18,0,153,130,106,18,3,0,3,23,12,8,3,149,13,124,12,14,4,8,2,130,10,112,8,54,4,45,5,85,260,211,38,11,0,82,192,149,33,10,0
72257,52,72,723,7240,5213,Rouillon,918,816,103,173,165,21,144,8,990,464,20,426,163,488,414,380,11,12,2,9,74,19,52,2,431,402,378,17,1,1,4,29,14,12,2,411,39,324,48,20,10,5,4,401,19,324,57,144,5,117,22,149,769,735,6,28,0,131,859,827,8,23,1
72258,52,72,722,7211,0051,Roullée,104,84,21,19,17,2,14,2,89,33,3,34,14,59,44,40,1,2,0,1,14,12,2,0,45,39,35,2,1,1,0,6,3,1,2,44,2,35,7,2,1,1,0,39,1,33,5,14,1,11,2,23,82,31,1,50,0,24,65,26,0,39,0
72259,52,72,722,7203,5211,Rouperroux-le-Coquet,142,115,27,23,23,3,20,0,122,51,4,40,18,84,66,55,7,3,0,1,18,7,11,0,58,49,43,2,1,0,3,9,4,5,0,66,13,49,4,3,0,2,1,49,8,35,6,20,3,14,3,41,102,84,0,16,1,34,88,83,0,5,0
72260,52,72,723,7235,5213,Ruaudin,1426,1252,174,283,259,28,231,25,1292,623,28,536,206,731,612,556,28,10,2,17,119,54,65,0,695,640,569,51,9,2,10,55,30,24,1,610,67,474,69,27,10,14,3,639,46,508,85,230,16,184,30,229,1197,1132,14,51,1,178,1114,1082,8,21,3
72261,52,72,722,7208,5213,Ruillé-en-Champagne,152,115,38,26,25,4,21,1,129,45,5,41,29,84,59,54,2,1,0,2,25,13,12,0,68,56,54,1,0,0,1,12,7,4,1,59,8,47,4,4,3,1,0,56,4,50,2,21,2,17,2,30,122,122,0,0,0,41,88,86,0,2,0
72262,52,72,721,7206,5212,Ruillé-sur-Loir,396,325,71,67,64,13,51,3,424,178,13,163,51,199,151,132,5,4,0,10,48,20,28,0,196,174,139,24,6,2,3,22,11,8,3,151,21,110,19,13,5,6,2,173,12,125,36,50,3,40,7,155,240,195,1,43,1,172,252,210,1,41,0
72264,52,72,721,7227,5214,Sablé-sur-Sarthe,4787,4447,339,803,760,150,610,43,5382,2749,121,2197,611,2610,2380,1960,166,190,6,58,229,110,116,3,2177,2067,1561,303,111,40,51,110,48,48,14,2371,298,1861,212,142,47,83,11,2060,283,1538,239,610,100,436,74,3441,1346,944,327,72,2,4268,1114,750,305,52,7
72265,52,72,722,7222,5213,Saint-Aignan,111,94,17,15,15,0,15,0,79,34,1,28,11,59,44,42,0,2,0,0,15,6,9,0,52,50,39,11,0,0,0,2,1,1,0,44,1,39,4,0,0,0,0,50,5,42,3,15,4,9,2,17,94,87,0,7,0,20,59,57,0,2,0
72266,52,72,722,7212,0051,Saint-Aubin-de-Locquenay,266,229,37,38,38,4,34,0,272,129,14,94,33,154,133,122,5,0,1,5,21,10,11,0,112,96,86,8,1,1,0,16,10,5,1,133,21,101,11,4,0,3,1,94,5,83,6,33,1,28,4,42,224,155,11,58,0,57,215,172,13,28,2
72267,52,72,722,7210,5211,Saint-Aubin-des-Coudrais,436,373,63,64,63,9,54,1,393,187,12,145,42,232,198,185,4,6,0,3,34,20,14,0,204,175,153,19,1,0,2,29,22,3,4,198,17,164,17,9,1,7,1,174,16,144,14,53,6,43,4,75,361,313,1,47,0,72,321,278,1,42,0
72268,52,72,723,7209,5213,Saint-Biez-en-Belin,349,323,26,74,73,8,65,1,212,107,7,80,28,192,172,148,9,9,0,6,19,10,9,0,158,151,115,23,8,0,4,7,3,4,0,170,20,142,8,8,2,6,0,151,16,122,12,65,8,50,7,48,302,292,6,3,0,34,178,172,2,4,0
72269,52,72,722,7228,5213,Saint-Calais,1158,1028,130,199,191,47,144,8,1347,649,40,570,158,617,538,456,43,15,2,23,79,34,44,1,541,489,395,69,5,7,13,51,24,26,1,537,96,376,65,47,16,25,5,486,49,374,63,141,14,106,21,685,473,304,2,167,0,840,507,349,4,154,0
72270,52,72,722,7218,5213,Saint-Calez-en-Saosnois,82,62,20,10,9,3,6,1,66,25,0,16,6,50,36,30,4,0,0,2,14,7,7,0,32,26,22,2,1,0,1,6,3,3,0,36,8,26,2,3,2,1,0,25,0,22,3,6,0,6,0,15,67,52,1,14,0,14,52,46,0,6,0
72271,52,72,722,7224,5213,Saint-Célerin,330,303,26,54,52,10,42,2,172,90,12,60,29,173,152,132,5,11,0,5,20,8,12,0,157,151,130,16,3,0,2,6,5,2,0,151,18,129,4,10,5,4,2,150,16,120,14,42,3,34,5,31,299,278,0,20,1,31,141,133,1,7,0
72272,52,72,722,7228,5213,Sainte-Cérotte,168,129,39,16,13,0,13,3,140,60,2,53,19,90,63,49,5,0,5,4,26,13,12,1,78,65,56,8,1,0,0,13,10,1,2,63,12,45,6,0,0,0,0,65,4,54,7,13,0,11,2,35,133,108,0,25,0,30,110,98,0,12,0
72273,52,72,722,7202,5213,Saint-Christophe-du-Jambet,80,67,14,8,8,1,7,0,82,32,1,26,16,41,33,30,2,1,0,0,8,6,2,0,40,34,28,4,0,1,1,6,5,1,0,33,1,30,2,1,0,1,0,34,4,24,6,7,2,4,1,9,72,58,2,12,0,22,60,43,1,15,1
72274,52,72,721,7205,5213,Saint-Christophe-en-Champagne,100,84,17,18,17,3,14,1,91,35,2,32,11,57,47,40,5,0,0,2,10,6,4,0,44,37,28,9,0,0,0,7,5,1,1,47,9,34,4,3,2,1,0,37,2,33,2,14,1,11,2,15,86,80,3,3,0,28,63,58,0,5,0
72275,52,72,722,7224,5213,Saint-Corneille,511,449,62,95,86,9,76,9,376,180,8,136,40,267,225,204,8,7,0,5,42,26,15,0,244,224,197,22,2,2,2,20,11,5,5,225,17,190,17,9,3,5,1,224,9,192,23,76,5,67,5,81,430,411,2,16,0,79,297,283,3,10,1
72276,52,72,722,7218,5211,Saint-Cosme-en-Vairais,752,660,92,112,105,13,92,7,753,355,11,299,80,411,354,314,26,2,0,12,57,25,32,0,341,306,264,25,6,9,2,35,16,18,1,353,40,289,24,13,4,8,1,306,17,249,40,92,6,74,12,317,435,309,1,124,1,408,345,235,1,109,0
72277,52,72,722,7232,5211,Saint-Denis-des-Coudrais,63,46,16,7,7,0,7,0,43,16,1,14,1,37,25,20,2,3,0,0,12,8,4,0,25,21,16,2,2,1,0,4,2,1,1,25,2,23,0,0,0,0,0,21,2,16,3,7,0,4,3,8,54,50,0,4,0,10,33,31,0,2,0
72278,52,72,721,7215,5213,Saint-Denis-d'Orques,319,234,85,54,50,7,43,4,278,100,10,87,33,168,113,92,11,7,0,3,55,32,23,0,151,121,90,21,5,2,3,30,20,9,1,112,16,88,8,7,1,4,2,120,16,96,8,42,5,34,3,126,193,152,34,6,1,148,130,88,35,7,0
72279,52,72,721,7213,5213,Saint-Georges-de-la-Couée,79,43,36,18,14,3,11,4,71,20,2,24,13,44,18,14,1,0,2,1,26,18,9,0,35,25,20,5,0,0,1,10,9,0,1,17,3,11,3,3,1,2,0,25,4,19,3,11,0,10,1,27,52,45,0,7,0,29,42,37,0,5,0
72280,52,72,723,7240,5213,Saint-Georges-du-Bois,821,763,58,156,149,12,137,7,827,413,15,357,127,421,383,352,13,7,5,6,38,16,22,0,401,381,344,28,6,0,3,20,8,11,1,383,26,315,42,12,6,5,1,381,25,312,44,137,12,112,13,65,756,731,3,22,0,81,746,730,4,11,1
72281,52,72,722,7203,5211,Saint-Georges-du-Rosay,187,152,35,24,21,5,16,4,180,70,2,57,20,104,84,70,9,3,0,2,20,10,10,0,83,68,56,7,2,1,2,16,11,4,1,84,11,65,9,5,2,3,0,68,7,56,5,16,2,12,2,41,146,123,2,21,0,49,131,110,1,20,0
72282,52,72,722,7212,0051,Saint-Georges-le-Gaultier,217,160,57,36,30,9,21,5,199,77,3,46,22,126,87,78,6,3,0,0,39,15,24,0,91,73,57,13,1,2,1,18,5,12,1,86,8,70,7,8,1,5,2,73,10,58,5,21,2,17,2,64,153,93,22,38,0,92,107,71,26,10,0
72283,52,72,721,7216,5212,Saint-Germain-d'Arcé,160,124,36,29,26,7,19,3,133,58,3,44,15,94,66,58,5,0,1,2,28,17,11,0,66,58,39,16,2,0,1,8,6,2,0,65,5,56,4,7,0,6,1,57,6,45,6,19,0,16,3,55,105,79,2,24,0,63,70,57,0,12,1
72284,52,72,722,7202,0051,Saint-Germain-sur-Sarthe,226,200,26,30,29,4,25,1,183,83,5,71,27,128,110,101,4,1,0,4,18,8,10,0,98,90,78,10,0,0,2,8,6,2,0,110,10,95,5,4,1,1,2,90,8,74,8,25,2,21,2,30,196,113,8,75,0,37,146,89,6,49,2
72286,52,72,722,7228,5213,Saint-Gervais-de-Vic,161,137,24,20,18,1,17,2,166,75,3,63,29,83,67,59,6,2,0,0,16,8,8,0,78,70,57,12,0,1,0,8,3,2,3,67,8,54,5,1,1,0,0,70,9,52,9,17,2,13,2,25,136,114,0,20,2,39,127,113,0,14,0
72287,52,72,723,7209,5213,Saint-Gervais-en-Belin,922,852,70,184,175,23,152,9,825,409,19,350,138,468,421,392,10,8,0,11,47,12,33,2,454,431,383,32,8,1,7,23,11,10,2,419,41,338,40,22,10,11,1,429,26,356,47,152,10,126,16,113,809,790,4,15,0,102,723,692,5,25,1
72288,52,72,722,7232,5211,Saint-Hilaire-le-Lierru,81,67,13,13,11,4,7,2,51,23,0,17,5,42,35,27,5,1,0,2,7,6,1,0,38,32,27,2,1,1,1,6,4,1,1,35,7,23,5,4,2,1,1,32,6,23,3,7,0,5,2,5,76,68,0,7,0,12,39,38,0,1,0
72289,52,72,723,7201,5213,Sainte-Jamme-sur-Sarthe,843,783,60,157,156,17,139,1,600,292,26,244,86,434,399,347,24,13,2,13,35,15,20,0,409,384,326,46,4,1,7,25,13,11,1,398,54,313,31,17,7,9,1,381,28,325,28,138,13,113,12,189,653,625,8,20,0,170,430,406,4,20,0
72290,52,72,723,7201,5213,Saint-Jean-d'Assé,667,563,105,129,108,15,93,21,415,181,14,146,65,357,296,251,20,15,1,10,60,33,28,0,311,266,222,34,3,3,4,44,29,6,9,296,30,257,10,15,4,8,2,265,22,234,10,92,7,82,3,106,562,530,7,23,1,113,302,286,2,14,0
72291,52,72,721,7226,5213,Saint-Jean-de-la-Motte,393,336,57,66,60,8,52,5,324,145,10,116,33,207,165,139,11,8,2,4,42,27,15,0,186,171,139,26,3,1,1,16,11,3,1,165,17,128,21,8,3,3,2,171,17,138,16,52,5,43,4,77,316,302,10,3,1,92,232,220,6,6,0
72292,52,72,722,7225,5211,Saint-Jean-des-Échelles,111,90,21,19,17,4,13,2,99,46,2,35,12,61,46,41,3,2,0,0,15,6,9,0,50,44,39,3,2,0,0,6,4,2,0,45,6,37,2,3,2,1,0,43,0,39,4,12,0,10,2,20,91,71,4,16,0,22,77,62,1,13,1
72293,52,72,721,7217,5213,Saint-Jean-du-Bois,252,236,16,32,31,4,27,1,169,95,3,63,17,128,119,110,3,4,0,2,9,5,4,0,124,117,85,22,5,2,3,7,3,4,0,118,9,106,3,3,2,1,0,117,7,106,4,27,2,24,1,25,227,220,4,3,0,19,150,145,1,4,0
72294,52,72,722,7212,0051,Saint-Léonard-des-Bois,223,181,42,45,40,1,39,5,201,73,1,63,36,122,93,81,2,2,0,8,29,14,15,0,101,88,72,15,0,0,1,13,9,3,1,92,18,64,10,1,0,1,0,88,8,75,5,39,3,33,3,57,166,54,20,92,0,72,129,41,20,68,0
72295,52,72,722,7218,5213,Saint-Longis,222,184,38,28,25,5,20,3,215,104,6,79,28,119,89,79,6,2,0,3,29,17,13,0,103,94,83,7,4,0,1,9,5,3,1,89,6,74,10,5,1,3,1,94,7,72,16,20,2,13,5,39,183,142,0,41,0,36,179,148,2,29,0
72296,52,72,722,7225,5211,Saint-Maixent,344,288,57,40,39,5,34,1,275,119,9,99,30,180,145,127,9,5,0,4,34,19,15,0,164,142,122,9,5,1,5,22,19,2,1,144,24,115,5,5,4,0,1,141,15,109,17,33,4,24,5,64,281,248,2,30,0,75,200,163,0,36,1
72297,52,72,722,7202,5213,Saint-Marceau,212,194,18,39,39,5,34,0,141,73,4,54,26,115,104,96,4,1,0,4,11,5,6,0,97,90,78,11,0,0,1,7,6,0,1,104,9,89,7,5,2,3,0,90,4,79,7,34,3,28,3,24,187,175,1,12,0,25,116,108,0,8,0
72298,52,72,722,7204,5213,Saint-Mars-de-Locquenay,244,225,20,44,42,4,38,2,174,82,3,66,22,131,115,96,9,7,0,3,16,7,9,0,113,109,90,13,2,3,1,4,3,1,0,114,11,92,11,4,0,3,1,107,9,84,14,38,4,30,4,36,209,200,0,9,0,51,123,109,1,13,0
72299,52,72,723,7209,5213,Saint-Mars-d'Outillé,971,886,85,209,202,23,179,7,739,370,23,288,124,516,459,409,24,8,2,17,57,25,32,0,455,427,354,59,6,2,6,28,14,13,0,457,43,384,30,21,4,12,5,425,27,351,47,179,9,142,29,164,807,779,11,17,0,164,575,557,3,15,0
72300,52,72,722,7224,5213,Saint-Mars-la-Brière,1151,1064,87,159,152,9,143,7,1027,546,27,406,146,600,542,508,18,10,0,6,58,18,40,0,551,522,460,44,4,2,12,29,14,14,1,539,54,435,50,9,3,6,0,522,53,418,51,143,11,113,19,214,937,899,6,31,1,281,746,716,6,24,0
72301,52,72,723,7201,5213,Saint-Mars-sous-Ballon,395,343,52,78,75,4,70,3,254,109,3,86,37,215,180,159,8,8,0,4,36,17,17,1,180,163,140,20,0,1,2,16,11,5,0,180,18,155,6,4,0,4,0,163,8,135,20,70,1,59,10,69,326,303,4,18,0,59,195,187,1,7,0
72302,52,72,722,7210,5211,Saint-Martin-des-Monts,87,74,13,12,12,3,9,0,78,34,2,34,14,47,39,35,2,0,0,2,8,6,2,0,40,35,31,3,0,0,1,5,3,1,1,39,5,28,6,3,0,2,1,35,4,27,4,9,2,5,2,11,76,69,0,6,1,13,65,54,0,11,0
72303,52,72,722,7204,5213,Saint-Michel-de-Chavaignes,323,266,57,57,54,14,40,3,257,119,8,92,34,177,145,128,10,0,2,5,32,17,15,0,146,121,96,18,2,1,4,25,16,8,1,145,22,115,8,14,3,7,4,121,10,97,14,40,1,32,7,77,246,233,0,13,0,68,189,171,0,18,0
72304,52,72,722,7228,5213,Sainte-Osmane,75,56,19,12,10,1,9,2,60,27,0,20,6,41,31,28,0,1,0,2,9,6,2,1,35,24,18,4,0,2,0,10,9,1,0,30,2,26,2,1,0,1,0,24,3,20,1,9,2,6,1,15,60,53,1,6,0,16,44,36,1,7,0
72305,52,72,722,7212,0051,Saint-Ouen-de-Mimbré,388,325,63,69,56,8,49,12,328,158,8,136,44,203,163,139,11,6,1,7,39,20,19,0,185,162,125,28,1,3,5,24,15,9,0,163,25,123,15,8,5,3,0,162,22,130,10,49,11,32,6,74,314,230,7,77,0,40,288,220,9,59,0
72306,52,72,723,7209,5213,Saint-Ouen-en-Belin,583,514,69,98,96,5,91,2,446,218,9,172,80,314,268,245,12,4,0,7,46,22,24,0,269,246,215,19,2,2,8,23,15,5,3,268,25,232,11,5,1,4,0,246,21,207,18,91,6,74,11,81,502,486,6,10,0,72,374,360,7,7,0
72307,52,72,721,7205,5213,Saint-Ouen-en-Champagne,87,80,8,17,17,3,15,0,66,27,1,24,9,51,46,41,1,2,0,2,6,5,1,0,36,34,23,6,2,0,3,2,1,1,0,46,7,37,2,3,1,2,0,34,6,25,3,15,0,14,1,10,78,68,4,6,0,16,50,45,1,4,0
72308,52,72,722,7229,0051,Saint-Paterne,721,649,72,91,85,5,80,6,667,300,14,301,105,401,351,263,14,2,0,72,50,12,37,1,320,298,250,23,4,1,20,22,11,10,1,346,90,218,38,5,3,1,1,297,36,227,34,79,8,66,5,109,612,79,8,525,0,89,578,55,3,518,2
72309,52,72,722,7212,0051,Saint-Paul-le-Gaultier,122,95,27,16,16,6,10,0,95,39,5,27,13,74,58,54,2,1,0,1,16,12,4,0,48,37,33,3,0,0,1,11,9,2,0,58,9,45,4,6,2,4,0,37,2,33,2,10,0,10,0,32,90,50,17,23,0,37,58,22,15,21,0
72310,52,72,723,7238,5213,Saint-Pavace,824,720,104,149,145,23,122,4,799,374,24,330,125,428,347,317,13,6,0,11,81,20,61,1,396,373,338,30,2,2,2,23,9,13,1,347,34,239,73,23,12,9,2,372,18,280,74,122,8,94,20,84,740,694,6,37,3,64,735,689,5,40,1
72311,52,72,721,7207,5212,Saint-Pierre-de-Chevillé,148,125,23,20,18,4,14,2,127,50,2,49,22,91,77,62,8,3,0,4,14,8,6,0,57,48,37,11,0,0,0,9,5,4,0,77,10,59,8,4,0,2,2,47,3,39,5,14,3,10,1,33,115,67,0,48,0,46,81,52,1,27,1
72312,52,72,721,7205,5213,Saint-Pierre-des-Bois,90,85,5,14,14,4,10,0,58,21,2,19,7,50,46,37,2,3,0,4,4,2,2,0,39,38,32,4,0,2,0,1,0,1,0,46,7,36,3,4,2,0,2,38,5,30,3,10,2,7,1,9,81,78,2,1,0,22,36,36,0,0,0
72313,52,72,722,7218,5213,Saint-Pierre-des-Ormes,106,90,16,15,15,1,14,0,105,44,3,43,17,55,44,41,1,1,0,1,11,4,7,0,51,46,39,7,0,0,0,5,3,2,0,44,5,37,2,1,1,0,0,46,3,39,4,14,0,14,0,18,88,71,0,17,0,15,90,78,2,10,0
72314,52,72,721,7213,5213,Saint-Pierre-du-Lorouër,147,113,33,33,27,5,22,6,119,49,3,38,13,82,61,54,3,2,1,1,21,17,4,0,65,53,45,5,2,0,1,12,7,5,0,61,3,57,1,5,0,5,0,53,4,48,1,22,0,21,1,40,106,98,0,8,0,45,74,68,0,6,0
72315,52,72,722,7230,5213,Saint-Rémy-de-Sillé,320,285,35,71,68,18,50,3,292,130,7,113,52,177,153,130,14,5,3,1,24,12,12,0,143,132,101,22,2,2,5,11,6,4,1,153,18,121,14,18,0,15,3,132,19,102,11,50,8,36,6,47,273,226,39,8,0,64,228,208,17,3,0
72316,52,72,722,7218,5213,Saint-Rémy-des-Monts,274,231,43,42,37,5,32,5,268,114,4,110,29,142,113,101,8,1,0,3,29,16,13,0,132,118,103,9,5,0,1,14,6,7,1,113,11,85,17,5,0,3,2,118,5,96,17,32,2,23,7,39,235,187,1,46,0,50,218,179,4,35,0
72317,52,72,722,7218,0051,Saint-Rémy-du-Val,234,186,48,40,36,4,32,4,189,72,3,74,27,122,87,72,3,7,0,5,35,17,17,0,112,99,79,14,2,0,3,13,10,3,0,87,12,71,4,4,2,2,0,99,11,74,13,32,2,25,4,54,180,104,1,75,0,49,140,101,0,39,0
72318,52,72,722,7211,0051,Saint-Rigomer-des-Bois,197,167,30,42,41,11,30,1,202,86,4,73,22,108,85,74,3,4,0,4,22,9,13,0,89,81,72,7,0,1,1,8,6,2,0,84,14,62,8,11,5,6,0,81,8,64,9,30,3,24,3,25,172,40,0,132,0,41,161,36,0,124,1
72319,52,72,722,7208,5213,Sainte-Sabine-sur-Longève,330,289,41,50,47,6,41,3,226,103,5,85,34,176,149,140,3,2,0,4,27,19,8,0,154,140,122,12,4,0,2,14,10,2,2,148,9,121,18,6,2,3,1,137,10,116,11,38,3,32,3,57,273,255,7,11,0,55,171,167,1,3,0
72320,52,72,723,7234,5213,Saint-Saturnin,1079,974,105,174,165,17,148,9,909,438,18,386,136,595,525,445,39,7,0,34,70,18,52,0,484,449,388,43,7,0,11,35,18,16,1,517,53,407,57,17,6,8,3,448,30,369,49,148,11,122,15,196,883,837,13,33,0,163,746,700,10,35,1
72321,52,72,722,7208,5213,Saint-Symphorien,269,232,37,55,51,13,38,4,210,106,10,58,26,150,126,108,10,2,2,4,24,17,6,1,119,106,83,19,2,1,1,13,7,3,3,126,15,105,6,13,4,7,2,105,7,89,9,38,1,31,6,74,195,172,13,10,0,87,123,108,6,8,1
72322,52,72,722,7225,5211,Saint-Ulphace,96,69,27,12,9,0,9,3,85,24,2,27,12,54,34,30,1,0,0,3,20,10,11,0,42,35,34,1,0,0,1,7,6,0,1,34,7,25,2,0,0,0,0,35,4,29,2,9,1,8,0,30,66,31,0,35,0,38,47,24,0,23,0
72323,52,72,722,7212,0051,Saint-Victeur,181,159,22,28,26,2,24,3,122,60,4,48,23,90,77,69,5,2,0,2,13,3,10,0,91,82,69,5,5,0,3,9,4,5,0,77,5,66,5,2,0,2,0,82,11,65,6,24,2,21,1,18,163,93,4,66,0,21,101,62,1,38,0
72324,52,72,722,7218,5213,Saint-Vincent-des-Prés,203,172,32,32,30,7,23,2,154,69,5,64,25,115,89,77,8,2,0,2,27,21,6,0,88,83,71,7,2,2,1,5,3,2,0,89,14,68,7,7,3,3,1,83,9,67,7,23,4,17,2,33,171,154,0,16,1,36,118,95,0,22,1
72325,52,72,721,7213,5213,Saint-Vincent-du-Lorouër,337,273,64,66,60,11,49,6,277,116,3,91,42,183,137,117,12,3,0,5,46,29,17,0,154,136,116,15,0,0,5,18,12,3,3,137,15,110,12,11,4,6,1,136,11,116,9,49,5,41,3,104,233,215,2,16,0,109,168,147,1,19,1
72326,52,72,722,7218,5213,Saosnes,93,82,11,10,10,2,9,0,83,38,3,29,7,50,42,37,2,1,0,2,8,3,5,0,44,40,35,2,2,0,1,4,1,3,0,42,5,33,4,2,2,0,0,40,3,33,4,9,1,8,0,10,84,64,2,18,0,16,67,55,1,11,0
72327,52,72,721,7223,5212,Sarcé,122,86,36,33,27,13,15,6,106,40,4,37,14,66,45,33,7,0,0,5,21,12,9,1,56,42,34,7,0,0,1,15,7,8,0,45,5,34,6,13,4,7,2,42,2,36,4,15,2,10,3,33,89,81,1,7,0,34,72,67,0,5,0
72328,52,72,723,7237,5213,Sargé-lès-le-Mans,1516,1372,145,278,265,35,230,13,1507,727,35,666,248,768,677,605,34,12,4,22,91,26,64,0,749,695,620,53,4,6,11,54,29,23,2,675,56,530,90,34,12,14,7,691,38,544,110,227,20,184,22,191,1325,1235,21,68,0,171,1336,1285,12,39,0
72329,52,72,723,7237,5213,Savigné-l'Évêque,1924,1773,152,342,326,27,300,16,1689,842,39,697,272,1004,906,816,37,23,5,25,97,35,60,2,921,866,744,98,10,6,9,54,22,32,0,904,100,709,95,27,8,16,3,862,74,695,93,297,26,228,43,360,1565,1506,10,48,0,369,1320,1262,13,43,2
72330,52,72,721,7216,5212,Savigné-sous-le-Lude,187,142,45,28,23,3,20,5,181,78,6,60,21,107,79,66,6,3,0,4,28,19,10,0,80,63,47,13,1,0,3,17,13,1,3,79,14,59,6,3,1,1,1,63,8,50,6,20,4,14,3,49,138,98,20,18,2,55,126,96,18,12,0
72331,52,72,722,7232,5211,Sceaux-sur-Huisne,275,244,31,30,28,2,26,2,247,110,1,101,23,150,127,113,4,7,0,3,22,11,11,0,125,116,95,10,9,0,2,9,8,1,0,127,14,110,3,2,1,1,0,116,18,94,4,26,6,19,1,69,206,193,1,12,0,94,153,132,3,18,0
72332,52,72,722,7202,5213,Ségrie,268,229,39,42,39,3,36,3,196,81,3,65,24,146,122,105,5,5,0,7,24,16,8,0,122,107,84,16,2,1,4,15,10,5,0,121,22,91,8,3,1,1,1,107,20,77,10,36,8,23,5,59,209,187,7,14,1,71,125,105,7,13,0
72333,52,72,722,7233,5211,Semur-en-Vallon,190,178,11,36,35,6,29,1,187,97,6,69,21,101,93,86,0,4,1,2,8,0,8,0,89,86,72,9,2,1,1,3,1,2,0,93,11,72,9,6,3,2,1,86,5,73,7,29,0,25,3,60,129,117,0,12,0,113,74,63,0,11,0
72334,52,72,722,7230,5213,Sillé-le-Guillaume,739,655,84,156,150,30,120,6,854,386,38,356,123,395,342,281,33,11,2,15,53,21,31,1,344,313,254,42,2,6,9,31,14,16,1,342,46,267,29,30,14,12,4,312,26,256,30,119,7,96,16,403,336,248,70,17,1,562,292,181,85,25,1
72335,52,72,722,7224,5213,Sillé-le-Philippe,527,476,52,79,74,7,67,5,373,178,7,140,56,270,237,218,8,4,0,7,32,14,17,1,258,238,208,23,3,2,2,19,11,7,1,237,21,207,9,7,2,4,1,238,15,200,23,67,3,58,6,82,445,424,4,17,0,69,304,294,1,9,0
72336,52,72,721,7227,5214,Solesmes,490,424,66,79,69,11,58,10,582,218,5,202,73,255,216,185,14,7,1,9,39,11,28,0,235,208,180,24,1,1,2,27,13,10,4,214,22,167,25,11,2,5,4,208,11,175,22,58,4,49,5,114,376,334,29,13,0,191,391,344,37,9,1
72337,52,72,722,7212,0051,Sougé-le-Ganelon,333,290,43,47,46,10,36,1,309,140,10,114,37,171,141,123,6,3,0,8,30,23,7,0,163,149,123,15,5,0,5,13,10,3,0,141,16,114,10,10,5,4,1,149,14,122,12,36,1,33,2,131,203,94,12,97,0,159,150,81,10,59,0
72338,52,72,723,7201,5213,Souillé,321,295,26,44,42,3,39,2,176,86,6,72,26,166,150,137,2,5,0,6,16,4,12,0,155,145,129,11,3,1,1,10,5,5,0,150,16,124,10,3,0,2,1,144,10,122,12,39,4,31,4,29,292,283,2,7,0,20,156,155,1,0,0
72339,52,72,721,7231,5213,Souligné-Flacé,364,315,49,70,62,9,52,8,324,153,10,134,52,184,159,144,5,6,0,4,24,11,12,1,180,155,134,15,2,2,2,25,23,2,0,159,15,133,11,9,1,5,3,155,11,129,15,52,5,40,7,61,304,286,2,15,0,54,270,265,2,3,0
72340,52,72,723,7201,5213,Souligné-sous-Ballon,568,506,62,93,88,13,74,5,441,227,16,161,57,305,260,230,14,7,1,7,46,17,29,0,263,246,216,16,3,3,8,16,4,9,3,258,25,207,25,13,5,8,0,246,23,190,33,74,8,56,10,73,495,482,3,10,0,93,348,331,4,13,0
72341,52,72,722,7224,5213,Soulitré,322,288,33,40,39,3,36,1,240,128,7,95,35,185,163,144,4,7,2,6,22,10,12,0,137,125,101,12,6,2,4,11,7,1,3,163,24,131,8,3,1,2,0,124,10,105,9,35,1,31,3,49,273,262,3,8,0,40,200,186,1,11,2
72342,52,72,722,7210,5211,Souvigné-sur-Même,90,67,22,8,6,0,6,2,81,37,0,32,9,51,37,34,1,2,0,0,14,5,8,1,39,31,28,1,2,0,0,8,3,5,0,37,3,28,6,0,0,0,0,31,0,28,3,6,0,4,2,12,78,60,0,16,1,9,72,57,1,14,0
72343,52,72,721,7227,5214,Souvigné-sur-Sarthe,300,244,56,39,35,6,29,4,247,113,8,89,27,163,129,110,8,7,0,4,34,22,12,0,138,116,86,19,6,2,2,22,16,6,0,128,16,99,12,5,3,2,0,116,8,95,12,29,1,22,6,58,242,194,44,4,0,41,206,177,26,3,0
72344,52,72,721,7231,5213,Spay,1333,1212,121,238,223,42,181,15,1132,564,23,469,145,700,625,572,19,13,2,19,75,21,52,2,633,587,531,47,3,1,5,46,23,21,2,625,60,518,47,42,18,19,5,586,35,487,64,180,16,148,16,182,1151,1112,5,33,1,173,959,938,4,17,0
72345,52,72,722,7224,5213,Surfonds,161,152,9,25,24,4,20,1,68,31,2,30,9,84,78,64,7,3,0,4,7,2,4,0,77,75,61,10,2,1,0,2,2,0,0,78,9,66,3,4,1,2,1,75,9,61,4,20,5,12,2,14,147,137,3,7,0,14,54,50,0,4,0
72346,52,72,721,7231,5213,La Suze-sur-Sarthe,1577,1459,117,266,253,30,223,12,1454,754,32,590,210,850,775,681,39,28,3,24,75,33,42,0,727,684,524,118,14,10,17,43,22,14,6,772,98,630,44,29,15,12,2,684,87,555,42,223,30,172,21,504,1073,1041,14,17,0,676,778,744,8,24,2
72347,52,72,721,7205,5213,Tassé,144,103,41,15,15,0,15,0,129,59,2,42,19,81,54,49,4,0,0,1,27,16,11,0,63,49,40,8,0,0,1,14,11,3,0,54,4,48,2,0,0,0,0,49,5,42,2,15,2,12,1,34,110,105,2,2,1,37,92,83,3,6,0
72348,52,72,721,7215,5213,Tassillé,69,60,9,14,14,1,13,0,37,12,0,12,5,37,30,24,3,1,0,2,6,4,2,0,32,29,26,3,0,0,0,3,3,0,0,30,4,25,1,1,0,1,0,29,2,24,3,13,0,12,1,7,62,60,1,1,0,11,26,26,0,0,0
72349,52,72,723,7201,5213,Teillé,235,198,37,50,46,1,45,4,167,69,1,65,27,126,98,84,1,6,0,7,27,13,14,0,109,100,82,10,4,2,1,9,5,4,0,98,14,79,5,1,0,1,0,100,9,81,9,45,2,38,5,46,189,184,0,4,1,44,123,116,3,4,0
72350,52,72,723,7209,5213,Teloché,1367,1237,129,268,254,16,238,14,1107,543,32,442,186,693,604,545,18,13,2,26,89,38,49,2,673,633,554,57,8,1,13,40,23,16,1,603,63,486,54,15,6,7,2,632,46,525,61,238,18,192,28,237,1130,1090,3,37,0,233,874,844,12,18,0
72351,52,72,722,7208,5213,Tennie,386,301,84,84,76,16,60,8,350,143,14,125,70,223,167,144,15,4,2,2,56,28,27,0,162,134,107,21,0,5,1,28,14,10,4,167,16,140,11,16,1,14,1,134,11,111,12,60,7,47,6,142,244,209,17,17,0,146,204,174,18,11,1
72352,52,72,722,7203,5213,Terrehault,62,45,17,8,7,1,6,1,33,12,1,9,1,32,22,21,0,0,0,1,10,5,5,0,30,23,17,5,0,0,1,7,3,4,0,22,1,21,0,1,1,0,0,23,2,18,3,6,1,4,1,9,53,44,1,8,0,10,23,22,0,1,0
72353,52,72,722,7210,5211,Théligny,98,69,29,9,6,1,5,3,75,27,3,23,11,54,37,34,2,1,0,0,17,7,9,0,44,32,27,2,3,0,0,12,9,3,0,37,4,31,2,1,0,1,0,32,1,28,3,5,0,4,1,23,76,52,0,24,0,27,48,32,0,16,0
72354,52,72,722,7222,5213,Thoigné,71,56,15,13,12,1,11,1,56,17,1,16,9,39,28,24,2,2,0,0,11,2,9,0,32,28,22,5,0,0,1,4,3,1,0,27,5,21,1,1,1,0,0,27,3,24,0,10,1,9,0,16,55,47,0,8,0,20,36,30,0,6,0
72355,52,72,722,7229,0051,Thoiré-sous-Contensor,43,34,9,6,5,0,5,1,27,9,1,9,3,26,21,18,2,0,0,1,5,1,3,1,17,13,13,0,0,0,0,4,3,0,1,21,1,18,2,0,0,0,0,13,0,12,1,5,0,5,0,12,31,17,1,13,0,8,19,15,0,4,0
72356,52,72,721,7207,5212,Thoiré-sur-Dinan,161,135,26,33,30,6,24,3,147,58,4,53,19,90,67,58,2,3,1,3,23,13,10,0,71,68,58,9,0,1,0,3,2,1,0,66,9,52,5,5,2,3,0,68,4,59,5,24,2,18,4,31,130,113,1,14,2,42,105,89,1,15,0
72357,52,72,721,7216,5212,Thorée-les-Pins,313,268,45,53,49,12,37,4,239,112,8,81,27,178,151,139,3,4,0,5,27,12,14,0,136,117,91,14,7,3,1,18,11,3,4,151,18,126,6,12,3,6,3,117,12,97,8,37,4,31,2,52,261,236,18,5,1,74,165,147,11,7,0
72358,52,72,722,7204,5213,Thorigné-sur-Dué,658,579,79,99,91,18,73,8,570,280,27,211,68,354,306,271,12,6,1,16,48,23,25,0,304,273,235,28,4,5,1,31,17,14,0,306,36,251,19,18,12,5,1,271,31,222,18,73,10,57,6,171,487,456,6,24,1,214,356,336,4,15,1
72359,52,72,722,7224,5213,Torcé-en-Vallée,574,491,83,92,89,17,72,3,321,141,3,113,45,316,263,231,13,13,1,5,53,26,27,0,258,228,181,33,7,3,3,30,18,10,2,262,29,210,22,17,4,11,1,227,24,184,19,72,10,53,8,75,499,472,6,21,0,71,250,234,1,15,0
72360,52,72,723,7234,5213,Trangé,693,621,72,151,146,17,129,5,488,222,10,204,68,350,304,275,16,6,1,6,45,20,26,0,344,317,288,21,1,2,5,27,16,9,1,302,33,236,34,17,5,8,4,316,23,256,37,128,9,100,19,80,613,588,7,17,0,64,424,411,3,10,0
72361,52,72,722,7204,5213,Tresson,193,140,53,38,35,8,27,3,164,60,6,49,20,110,73,55,11,3,1,3,37,24,13,0,83,67,59,6,1,0,1,16,8,3,5,73,13,58,2,8,1,7,0,66,4,56,6,26,1,23,2,61,132,123,0,9,0,75,89,75,1,12,1
72362,52,72,722,7202,5213,Le Tronchet,66,58,8,17,15,3,12,2,47,20,1,20,6,31,27,25,2,0,0,0,4,3,1,0,35,30,27,2,0,0,1,4,1,3,0,27,1,25,1,3,0,3,0,30,2,26,2,12,2,9,1,4,62,52,0,10,0,6,41,38,1,2,0
72363,52,72,722,7232,5211,Tuffé,600,520,80,82,81,13,69,1,534,233,6,200,60,320,265,234,19,6,1,6,55,25,30,0,281,255,216,30,5,3,1,26,14,12,0,262,35,212,15,10,6,2,2,252,24,202,26,67,14,46,7,243,357,326,3,27,1,311,223,201,1,21,0
72364,52,72,721,7223,5212,Vaas,587,491,96,106,97,20,76,9,521,241,15,172,66,321,258,224,13,6,2,13,63,28,34,1,265,233,183,47,0,1,2,33,18,13,1,257,35,198,24,19,6,10,3,233,24,184,24,76,9,57,10,204,382,325,6,50,1,240,281,243,4,33,1
72366,52,72,722,7233,5211,Valennes,150,110,40,18,17,0,17,1,155,60,3,45,18,79,51,46,3,0,0,1,28,17,11,0,71,59,51,8,1,0,0,12,8,3,1,51,6,38,6,0,0,0,0,58,5,48,5,17,0,15,2,58,92,58,0,31,2,63,92,58,0,34,0
72367,52,72,721,7215,5213,Vallon-sur-Gée,335,294,41,42,41,8,33,1,253,114,7,94,30,188,164,137,8,5,2,12,23,13,11,0,148,130,98,25,2,4,0,18,13,5,0,164,27,130,7,8,3,5,0,129,11,111,7,33,1,27,4,74,261,251,7,3,0,75,178,166,9,2,1
72368,52,72,722,7228,5213,Vancé,128,98,30,17,14,1,13,3,124,51,1,38,14,72,50,40,7,0,0,3,22,12,9,0,56,48,40,6,0,0,2,8,6,2,0,49,9,32,8,1,0,0,1,48,8,34,6,13,0,10,3,40,88,75,1,12,0,47,77,67,1,8,1
72369,52,72,721,7223,5212,Verneil-le-Chétif,245,193,52,44,42,7,35,2,198,92,8,62,24,135,97,73,9,7,0,7,38,19,19,1,110,96,74,17,1,3,1,13,9,4,0,97,10,83,4,7,2,5,0,96,6,85,5,35,3,31,1,56,189,174,4,11,0,54,144,131,3,9,1
72370,52,72,722,7202,5213,Vernie,140,119,22,29,27,7,20,2,120,53,9,40,19,83,70,62,6,1,0,1,12,6,6,0,58,49,37,8,3,0,0,9,5,4,0,70,6,62,2,7,1,5,1,49,2,42,4,20,0,15,4,40,100,89,5,6,0,43,77,66,6,5,0
72372,52,72,722,7218,5213,Vezot,31,27,4,4,3,0,3,1,25,11,0,8,4,16,13,12,0,0,0,1,3,0,3,0,15,14,13,1,0,0,0,1,1,0,0,13,1,10,2,0,0,0,0,14,0,13,1,3,0,3,0,2,29,19,0,10,0,7,18,15,0,3,0
72373,52,72,722,7233,5211,Vibraye,1054,926,127,127,118,22,96,9,1050,493,21,418,92,558,478,418,17,23,2,18,81,30,50,1,495,449,381,37,13,4,14,47,17,29,1,477,69,375,33,21,4,13,4,447,53,348,46,94,11,72,11,543,511,415,1,92,2,738,312,269,0,41,2
72374,52,72,722,7218,0051,Villaines-la-Carelle,69,54,15,8,8,2,6,0,79,31,1,27,4,39,27,22,2,1,0,2,12,8,4,0,30,27,22,4,1,0,0,3,2,1,0,27,3,23,1,2,1,1,0,27,3,23,1,6,1,5,0,12,57,29,0,28,0,34,45,27,0,18,0
72375,52,72,722,7210,5211,Villaines-la-Gonais,247,215,32,35,31,9,22,4,196,84,3,78,20,129,106,93,10,3,0,1,22,10,13,0,118,108,91,13,2,1,2,10,7,3,0,106,12,87,8,9,3,5,1,108,7,94,8,22,0,21,1,41,206,173,1,32,0,31,165,143,2,20,0
72376,52,72,721,7213,5213,Villaines-sous-Lucé,321,256,66,52,50,8,42,2,232,93,5,76,29,172,121,107,6,4,2,2,51,28,24,0,149,135,116,15,1,0,2,14,9,5,0,121,10,103,8,8,4,4,0,135,10,115,9,42,2,38,2,83,238,229,1,8,0,74,158,151,2,5,0
72377,52,72,721,7217,5212,Villaines-sous-Malicorne,416,350,66,54,52,10,43,2,325,141,9,115,30,229,186,145,27,6,0,8,43,22,20,0,187,164,142,16,5,1,0,23,15,7,2,185,27,145,13,9,3,4,2,164,10,141,14,43,4,35,4,103,313,287,22,3,1,117,208,195,6,4,3
72378,52,72,721,7227,5214,Vion,712,644,67,84,82,10,72,2,548,268,4,221,59,380,341,294,21,9,2,15,39,18,21,0,331,303,253,36,11,0,5,28,13,14,0,340,36,270,34,9,5,2,2,301,21,261,18,72,5,63,4,80,632,582,36,13,0,90,458,424,29,4,1
72379,52,72,721,7205,5213,Viré-en-Champagne,105,67,38,15,9,0,9,6,65,21,4,18,6,57,34,27,3,3,0,0,23,19,4,0,48,34,25,6,2,0,0,14,12,2,0,34,5,26,2,0,0,0,0,34,4,27,2,9,1,8,0,32,73,62,8,3,0,22,43,37,4,2,0
72380,52,72,722,7202,5213,Vivoin,379,320,59,54,49,15,35,5,324,139,7,128,48,198,160,136,10,6,0,8,39,15,22,1,181,161,142,15,2,1,1,20,16,4,0,159,23,125,11,14,5,8,1,161,14,131,16,35,6,28,1,95,284,244,8,33,0,101,223,197,4,22,0
72381,52,72,721,7231,5213,Voivres-lès-le-Mans,588,541,47,86,79,7,72,6,392,206,12,149,55,319,290,254,8,11,2,15,28,14,15,0,269,250,224,17,2,2,5,19,11,7,1,289,29,242,19,7,3,3,1,250,20,212,18,72,6,58,7,50,538,519,6,13,0,42,350,340,4,6,0
72382,52,72,722,7204,5213,Volnay,361,311,50,63,60,11,49,3,283,139,9,98,38,202,168,152,9,5,0,3,33,16,17,0,160,143,118,14,4,3,4,16,8,9,0,167,14,143,10,11,1,7,3,143,13,119,11,49,5,39,5,67,294,269,6,19,0,64,219,208,3,7,1
72383,52,72,722,7232,5211,Vouvray-sur-Huisne,73,66,7,7,6,0,6,1,41,22,2,14,2,43,38,32,4,0,0,1,5,4,1,0,30,28,21,3,3,1,0,2,0,2,0,38,4,32,1,0,0,0,0,28,0,27,1,6,0,6,0,7,66,61,0,5,0,7,34,30,0,4,0
72384,52,72,721,7207,5212,Vouvray-sur-Loir,295,248,47,54,47,11,36,7,323,153,7,133,43,150,127,105,9,6,1,6,23,13,7,3,144,121,98,19,0,1,3,23,18,3,2,126,16,101,9,11,1,10,0,120,10,94,16,36,4,25,6,68,227,185,2,40,0,54,269,233,2,34,0
72385,52,72,721,7226,5213,Yvré-le-Pôlin,785,710,74,139,132,18,114,7,667,340,19,254,101,419,370,330,12,19,1,9,49,14,34,1,365,340,277,46,8,2,7,26,13,11,2,368,35,311,23,16,5,8,3,340,27,287,26,114,10,95,9,128,656,632,7,18,0,118,549,515,8,25,1
72386,52,72,723,7237,5213,Yvré-l'Évêque,1917,1711,206,365,349,51,298,16,1865,859,40,771,288,1020,876,792,37,20,4,23,144,52,90,1,898,835,744,70,6,6,9,62,30,26,6,875,96,677,102,50,21,24,5,833,65,668,100,298,31,238,29,283,1634,1560,16,57,1,298,1567,1502,10,53,2
